{"_step":20,"test/acc":0.5200945626477541,"epoch":20,"_runtime":221,"_wandb":{"runtime":221},"test/roc_auc":0.6282505910165485,"train/loss":3.0279510610853322e-05,"_timestamp":1.758122225959495e+09,"test/pr_auc":0.6565531918925459,"time_min":0.16786865036313733,"lr":1e-06}