{"epoch":20,"test/roc_auc":0.8692397660818713,"_wandb":{"runtime":178},"val/roc_auc":1,"time_min":0.16216489786747842,"val/acc":0.9977973568281938,"val/pr_auc":1.0000000000000002,"_step":20,"test/pr_auc":0.8854388079790009,"_runtime":178,"train/loss":0.016946397721767426,"test/acc":0.6842105263157895,"lr":1e-06,"_timestamp":1.7579972755037968e+09}