{"val/pr_auc":0.42588196957176794,"time_min":0.20924287399587532,"val/acc":0.6666666666666666,"test/acc":0.8389830508474576,"epoch":20,"val/roc_auc":0.350484420005237,"lr":1e-06,"_runtime":268,"train/loss":0.009272831492125988,"_wandb":{"runtime":268},"_timestamp":1.7581041540211968e+09,"_step":20,"test/pr_auc":0.9726169510199658,"test/roc_auc":0.9790365744870652}