{"_timestamp":1.7581829360424824e+09,"epoch":20,"test/acc":0.6360671015843429,"time_min":0.05839423803457369,"_runtime":85,"_step":20,"test/roc_auc":0.6917520969245107,"test/pr_auc":0.6831398229916377,"train/loss":0.0009697825880721211,"lr":1e-06,"_wandb":{"runtime":85}}