{"_step":20,"time_min":0.0798238722452273,"_wandb":{"runtime":102},"_timestamp":1.7581670039748602e+09,"epoch":20,"train/loss":9.465407856623642e-06,"test/pr_auc":0.623633891624049,"test/acc":0.731620179063361,"lr":1e-06,"test/roc_auc":0.6665805785123966,"_runtime":102}