{"test/acc":0.29184149184149183,"epoch":20,"_timestamp":1.758120166179202e+09,"train/loss":0.0005527412868104875,"test/pr_auc":0.3322128855699735,"_step":20,"lr":1e-06,"_wandb":{"runtime":248},"time_min":0.1954674690340956,"_runtime":248,"test/roc_auc":0.30174825174825176}