{"test/pr_auc":0.8354024830036746,"lr":1e-06,"val/roc_auc":0.5296324412117788,"train/loss":4.0845046896720305e-05,"time_min":0.08297684688198691,"_wandb":{"runtime":243},"test/acc":0.7347427476737822,"_step":50,"test/roc_auc":0.8412540524609491,"val/pr_auc":0.5509203363123927,"_timestamp":1.7576825278915002e+09,"val/acc":0.5273109243697479,"_runtime":243,"epoch":50}