{"_wandb":{"runtime":837},"_runtime":837,"_step":50,"acc":0.48,"kappa":0.35,"f1":0.4801928603013569,"_timestamp":1.7564958990802426e+09}