{"test/pr_auc":0.3077240695432555,"epoch":20,"lr":1e-06,"train/loss":0.03617290034890175,"_runtime":168,"test/acc":0.2835507921714818,"_wandb":{"runtime":168},"test/roc_auc":0.2530288909599254,"time_min":0.13414397415084142,"_timestamp":1.7581833922340138e+09,"_step":20}