{"_wandb":{"runtime":729},"_runtime":729,"_timestamp":1.7564574363430805e+09,"_step":50,"acc":0.2666666666666667,"kappa":0.08333333333333337,"f1":0.26343738216457663}