{"acc":0.2,"kappa":0,"f1":0.06666666666666667,"_wandb":{"runtime":648},"_runtime":648,"_timestamp":1.7564771312114084e+09,"_step":49}