{"train/loss":0.0020661954768002033,"time_min":0.13240058807035288,"lr":1e-06,"_timestamp":1.758214354682626e+09,"_wandb":{"runtime":164},"_runtime":164,"epoch":20,"test/pr_auc":0.4157992775128464,"test/acc":0.42668414683340056,"test/roc_auc":0.4661153691004437,"_step":20}