{"_step":50,"acc":0.472,"kappa":0.33999999999999997,"f1":0.4712093039958977,"_timestamp":1.7564686128598032e+09,"_wandb":{"runtime":655},"_runtime":655}