{"_timestamp":1.757926241883354e+09,"_runtime":41.190545851,"lr":0.0002562124637873887,"_step":5,"epoch":5,"train/loss":0.26246213912963867,"val/roc_auc":0.9996499992045437,"val/pr_auc":0.9996077397754346,"time_min":0.08307771734738102,"_wandb":{"runtime":41},"val/acc":0.5}