{"time_min":0.08257770204994207,"test/acc":0.7193423573301069,"test/pr_auc":0.6637784398996289,"_step":50,"_timestamp":1.7576910429851356e+09,"_wandb":{"runtime":255},"val/acc":0.6414323797999659,"epoch":50,"train/loss":6.547561042680172e-06,"lr":1e-06,"val/pr_auc":0.7844310089247823,"val/roc_auc":0.7564614017507705,"_runtime":255,"test/roc_auc":0.7153407945150232}