{"train/loss":1.2678639905061573e-05,"epoch":20,"time_min":0.1138288512825966,"test/acc":0.5630645161290322,"_wandb":{"runtime":142},"lr":1e-06,"_step":20,"_timestamp":1.7581738424562993e+09,"test/pr_auc":0.7575407863472198,"_runtime":142,"test/roc_auc":0.702983870967742}