{"train/loss":2.894633507821709e-05,"_step":20,"lr":1e-06,"test/roc_auc":0.3061718434852763,"test/acc":0.5,"time_min":0.06263259686529636,"_timestamp":1.758211025023483e+09,"test/pr_auc":0.35368303999968825,"_wandb":{"runtime":81},"epoch":20,"_runtime":81}