{"lr":1e-06,"time_min":0.1579430453168849,"test/pr_auc":0.7871278081583195,"test/roc_auc":0.7646783625730994,"_runtime":180,"_step":20,"test/acc":0.6196491228070176,"_wandb":{"runtime":180},"epoch":20,"_timestamp":1.7579965501313925e+09,"train/loss":0.002454001223668456,"val/acc":0.9830827067669172,"val/pr_auc":0.9977209578058045,"val/roc_auc":0.9980419799498746}