{"test/acc":0.5,"test/pr_auc":0.5245456919057518,"_runtime":215,"test/roc_auc":0.6596736596736597,"_wandb":{"runtime":215},"train/loss":8.473245543427765e-06,"val/pr_auc":1,"val/roc_auc":1,"_timestamp":1.7581148044040005e+09,"_step":20,"epoch":20,"time_min":0.16944808854411045,"val/acc":1,"lr":1e-06}