{"val/pr_auc":0.9999910668483788,"_wandb":{"runtime":109},"time_min":0.2066280049039051,"epoch":7,"train/loss":0.024422315880656242,"val/acc":0.9986081663899591,"_runtime":109.520932545,"_timestamp":1.7578246852638657e+09,"_step":7,"val/roc_auc":0.9999918090371522,"lr":0.0002183715797110625}