{"lr":1e-06,"_step":20,"epoch":20,"test/roc_auc":0.6001863932898416,"time_min":0.05382212464852879,"test/pr_auc":0.45015516530646404,"_wandb":{"runtime":78},"train/loss":0.1320458948612213,"_timestamp":1.7581824576269279e+09,"test/acc":0.5843429636533084,"_runtime":78}