{"acc":0.4626666666666666,"_wandb":{"runtime":657},"_runtime":657,"kappa":0.32833333333333337,"f1":0.4623553068202964,"_timestamp":1.756487660138213e+09,"_step":50}