{"test/acc":0.5834498834498835,"test/pr_auc":0.6463333386357306,"_runtime":217,"_timestamp":1.7578388720648215e+09,"_step":20,"val/acc":1,"time_min":0.1671012045117095,"lr":1e-06,"val/pr_auc":1,"train/loss":1.4976817510614637e-05,"_wandb":{"runtime":217},"test/roc_auc":0.7769230769230769,"val/roc_auc":1,"epoch":20}