{"train/loss":4.302113666199148e-05,"test/roc_auc":0.5442857142857143,"_wandb":{"runtime":76},"_runtime":76,"_timestamp":1.7582151550075123e+09,"_step":20,"lr":1e-06,"test/pr_auc":0.4201841176506531,"test/acc":0.6085714285714285,"time_min":0.05509284826306005,"epoch":20}