{"_step":50,"acc":0.2546666666666667,"kappa":0.06833333333333336,"_wandb":{"runtime":651},"_runtime":651,"f1":0.25328925119797857,"_timestamp":1.7564333509415843e+09}