{"_step":50,"acc":0.324,"kappa":0.15500000000000003,"f1":0.3237203524726048,"_timestamp":1.75648436035733e+09,"_wandb":{"runtime":657},"_runtime":657}