{"time_min":0.061449201436092456,"test/acc":0.7036904761904762,"_runtime":83,"test/roc_auc":0.8849999999999999,"lr":1e-06,"epoch":20,"_timestamp":1.758211656688068e+09,"test/pr_auc":0.8523570832278786,"_step":20,"_wandb":{"runtime":83},"train/loss":7.93813742347993e-05}