{"train/loss":0.015772642567753792,"time_min":0.07759490418247879,"_runtime":102,"_wandb":{"runtime":102},"lr":1e-06,"test/acc":0.5621986914600551,"test/pr_auc":0.7051941521303045,"_step":20,"epoch":20,"_timestamp":1.7581656001859977e+09,"test/roc_auc":0.7211604683195592}