{"_runtime":115,"epoch":20,"test/acc":0.5,"test/pr_auc":0.6169024204167879,"test/roc_auc":0.5526666666666666,"_wandb":{"runtime":115},"_step":20,"train/loss":0.0007249368936754763,"_timestamp":1.7581718453149292e+09,"lr":1e-06,"time_min":0.08433292931877076}