{"time_min":0.05461438887286931,"_step":20,"epoch":20,"test/pr_auc":0.6702446238354317,"lr":1e-06,"_timestamp":1.7581738597205105e+09,"train/loss":9.965029676095583e-06,"test/roc_auc":0.597741935483871,"test/acc":0.49822580645161285,"_wandb":{"runtime":128},"_runtime":128}