{"_timestamp":1.7580818348630261e+09,"epoch":20,"lr":1e-06,"_wandb":{"runtime":345},"test/pr_auc":0.4818069201716289,"_runtime":345,"time_min":0.2484717225888744,"train/loss":0.0068884980864822865,"_step":20,"val/pr_auc":1,"test/acc":0.36876456876456876,"test/roc_auc":0.37797202797202795,"val/acc":1,"val/roc_auc":1}