{"train/loss":1.951509830178111e-06,"test/acc":0.5023640661938534,"test/pr_auc":0.695829393228369,"_runtime":212,"_step":20,"epoch":20,"_wandb":{"runtime":212},"lr":1e-06,"time_min":0.16720719373164078,"_timestamp":1.7581308837816105e+09,"test/roc_auc":0.6182877406281662}