{"test/acc":0.4458634719710669,"_timestamp":1.7581644084478574e+09,"test/pr_auc":0.3681022786894109,"_runtime":116,"time_min":0.08521364534584185,"_wandb":{"runtime":116},"lr":1e-06,"epoch":20,"_step":20,"train/loss":7.976474444149062e-05,"test/roc_auc":0.4358047016274864}