{"_runtime":654,"_step":50,"acc":0.29866666666666664,"kappa":0.1233333333333333,"f1":0.2983522168205923,"_timestamp":1.7564725514382532e+09,"_wandb":{"runtime":654}}