{"val/pr_auc":0.8085463999563796,"lr":1e-06,"test/acc":0.558041958041958,"_wandb":{"runtime":273},"_runtime":273,"test/pr_auc":0.37916553289367994,"train/loss":0.01414981484413147,"val/acc":0.6583333333333333,"_timestamp":1.758105266511231e+09,"time_min":0.21118382893037052,"_step":20,"test/roc_auc":0.45944055944055945,"epoch":20,"val/roc_auc":0.7362573099415204}