{"_wandb":{"runtime":245},"val/roc_auc":1,"lr":1e-06,"epoch":20,"_step":20,"_timestamp":1.7581112167528012e+09,"test/roc_auc":0.8601169590643274,"_runtime":245,"time_min":0.2553362666784475,"val/pr_auc":0.9999999999999999,"test/acc":0.8245614035087719,"train/loss":0.005739808082580566,"val/acc":1,"test/pr_auc":0.8708528422978868}