{"_runtime":177,"_timestamp":1.757996367069777e+09,"epoch":20,"val/acc":0.9698088834420854,"_step":20,"val/pr_auc":0.9966210318266557,"test/roc_auc":1,"val/roc_auc":0.9973833261568017,"test/acc":0.8157894736842105,"test/pr_auc":1.0000000000000002,"_wandb":{"runtime":177},"lr":1e-06,"time_min":0.15865038617048413,"train/loss":0.08403542637825012}