{"time_min":0.11126613991800696,"test/roc_auc":0.7319298245614035,"lr":1e-06,"_step":20,"_timestamp":1.758128566276111e+09,"test/acc":0.6340350877192983,"test/pr_auc":0.6449193477381745,"_runtime":159,"train/loss":0.0003067714278586209,"_wandb":{"runtime":159},"epoch":20}