{"time_min":0.16593281175009905,"val/pr_auc":1,"train/loss":1.3999679140397348e-05,"lr":1e-06,"_wandb":{"runtime":211},"_timestamp":1.7578378644229803e+09,"_step":20,"test/pr_auc":0.7011677896686709,"_runtime":211,"test/roc_auc":0.7707602339181286,"epoch":20,"val/acc":1,"val/roc_auc":1,"test/acc":0.5}