{"time_min":0.1877277150362109,"lr":1e-06,"test/pr_auc":0.6769863478136033,"_wandb":{"runtime":259},"epoch":20,"train/loss":0.0030415428336709738,"_runtime":259,"test/roc_auc":0.6028099910793935,"test/acc":0.6732827832292596,"_timestamp":1.7581315292261095e+09,"_step":20}