{"train/loss":8.750726919970475e-06,"epoch":20,"_timestamp":1.758169123936157e+09,"test/pr_auc":1,"test/acc":0.8333333333333333,"_runtime":117,"test/roc_auc":1,"_wandb":{"runtime":117},"lr":1e-06,"time_min":0.08995482505609592,"_step":20}