{"time_min":0.2433386693786209,"lr":0.00021837157971106257,"val/acc":0.8552631578947368,"train/loss":0.3544193506240845,"val/pr_auc":0.8261190521393135,"val/roc_auc":0.8824484117783445,"_step":7,"_timestamp":1.7581019159958038e+09,"epoch":7,"_wandb":{"runtime":122},"_runtime":122.226481782}