{"f1":0.4476981830586624,"_timestamp":1.7564992674537127e+09,"_wandb":{"runtime":836},"_runtime":836,"_step":50,"acc":0.44800000000000006,"kappa":0.31000000000000005}