{"_step":2,"_wandb":{"runtime":17},"_runtime":17.705997133,"epoch":2,"train/loss":0.3301371932029724,"lr":0.0002926829491861254,"time_min":0.09131753135006875,"_timestamp":1.7581640225384889e+09}