{"val/acc":0.6666666666666666,"time_min":0.20723595483383786,"test/acc":0.6864406779661016,"lr":1e-06,"test/pr_auc":0.9132418173861248,"test/roc_auc":0.9038804638715433,"_wandb":{"runtime":268},"_runtime":268,"_timestamp":1.7581055373278315e+09,"_step":20,"epoch":20,"train/loss":0.0036083736922591925,"val/pr_auc":0.46436564590276624,"val/roc_auc":0.44815396700706994}