{"_timestamp":1.758213294401544e+09,"_step":20,"test/acc":0.38144329896907214,"test/roc_auc":0.34424025100851635,"train/loss":0.003514531534165144,"test/pr_auc":0.4295135713347058,"_wandb":{"runtime":74},"epoch":20,"_runtime":74,"time_min":0.05522029808877657,"lr":1e-06}