{"_step":20,"lr":1e-06,"epoch":20,"train/loss":0.18560639023780823,"_wandb":{"runtime":126},"time_min":0.08899969093035906,"test/acc":0.6523943054357204,"test/pr_auc":0.6567059063729769,"test/roc_auc":0.656816220880069,"_runtime":126,"_timestamp":1.758163936842909e+09}