{"_timestamp":1.7581018060924528e+09,"train/loss":0.0001829593675211072,"val/acc":1,"_step":20,"val/pr_auc":1,"val/roc_auc":1,"epoch":20,"test/roc_auc":0.4107939339875112,"test/acc":0.5,"_runtime":316,"_wandb":{"runtime":316},"test/pr_auc":0.467480040127813,"lr":1e-06,"time_min":0.24401435352241}