{"time_min":0.12983610046406588,"_wandb":{"runtime":162},"_runtime":162,"test/acc":0.43233158531665994,"test/roc_auc":0.5271278741427995,"test/pr_auc":0.44140069753225397,"epoch":20,"_timestamp":1.7582130331551979e+09,"train/loss":3.8024503737688065e-05,"lr":1e-06,"_step":20}