{"train/loss":0.02359004132449627,"val/acc":0.8700440528634361,"val/roc_auc":0.9870159981451426,"test/pr_auc":1.0000000000000002,"time_min":0.09260995781514794,"_wandb":{"runtime":131},"_runtime":131.681147654,"epoch":20,"test/acc":1,"test/roc_auc":1,"_step":20,"_timestamp":1.7579412532983043e+09,"val/pr_auc":0.9876695112689975,"lr":1e-06}