{"time_min":0.1280627187108621,"epoch":50,"train/loss":6.515131826745346e-05,"lr":1e-06,"test/acc":0.756578947368421,"test/pr_auc":0.5403453066214673,"_runtime":395,"_step":50,"_wandb":{"runtime":395},"test/roc_auc":0.7484119782214156,"_timestamp":1.758177159682792e+09}