{"lr":1e-06,"test/pr_auc":1,"train/loss":6.882332672830671e-05,"test/acc":0.8636363636363636,"_runtime":150,"test/roc_auc":1,"_step":20,"time_min":0.1303729714670529,"_timestamp":1.758211809733057e+09,"_wandb":{"runtime":150},"epoch":20}