{"acc":0.4333333333333333,"kappa":0.29166666666666663,"f1":0.43432383986104417,"_timestamp":1.756412790996827e+09,"_wandb":{"runtime":1011},"_runtime":1011,"_step":50}