{"_runtime":247,"epoch":20,"_timestamp":1.7581215303966398e+09,"test/roc_auc":0.8757805530776094,"test/acc":0.8389830508474576,"_wandb":{"runtime":247},"time_min":0.19463455030539384,"_step":20,"lr":1e-06,"train/loss":0.06541521847248077,"test/pr_auc":0.9031100335079996}