{"f1":0.4516012804754005,"_timestamp":1.7564942812557654e+09,"_step":50,"_wandb":{"runtime":658},"_runtime":658,"acc":0.45200000000000007,"kappa":0.31499999999999995}