{"_runtime":77,"_timestamp":1.7582105536673536e+09,"train/loss":3.8176589441718534e-05,"test/pr_auc":1.0000000000000002,"_wandb":{"runtime":77},"epoch":20,"_step":20,"lr":1e-06,"test/acc":0.8656716417910448,"test/roc_auc":1,"time_min":0.06074875379757335}