{"time_min":0.18765557943067204,"_timestamp":1.7581302228053489e+09,"test/roc_auc":0.614406779661017,"test/acc":0.4929750223015165,"test/pr_auc":0.6687485058205921,"_wandb":{"runtime":240},"_runtime":240,"_step":20,"train/loss":0.02167884074151516,"lr":1e-06,"epoch":20}