{"test/pr_auc":0.972817116895823,"val/acc":1,"val/pr_auc":1,"time_min":0.1733820430158327,"lr":1e-06,"test/acc":0.6864406779661016,"epoch":20,"val/roc_auc":1,"_runtime":218,"_timestamp":1.7581109694010732e+09,"_wandb":{"runtime":218},"train/loss":8.622996392659843e-05,"test/roc_auc":0.9663247100802854,"_step":20}