{"val/acc":1,"lr":1e-06,"val/pr_auc":1,"_wandb":{"runtime":321},"epoch":20,"val/roc_auc":1,"_timestamp":1.7580957706344185e+09,"test/pr_auc":0.4458602586883129,"train/loss":0.013841292820870876,"_step":20,"time_min":0.25032447403452046,"test/roc_auc":0.3666666666666667,"test/acc":0.41363636363636364,"_runtime":321}