{"lr":1e-06,"test/pr_auc":0.6251637680570223,"train/loss":2.385924290138064e-06,"_runtime":73,"_step":20,"epoch":20,"test/roc_auc":0.7098162259076648,"_wandb":{"runtime":73},"_timestamp":1.7582123959081352e+09,"test/acc":0.5664724338861497,"time_min":0.056877736017728844}