{"_wandb":{"runtime":181},"test/acc":0.8119298245614035,"_runtime":181,"epoch":20,"_timestamp":1.7579984736063416e+09,"time_min":0.15306825460089993,"val/pr_auc":0.9999826749077915,"val/roc_auc":0.999984335839599,"_step":20,"test/roc_auc":0.8582456140350877,"train/loss":0.019048523157835007,"val/acc":0.9962406015037594,"lr":1e-06,"test/pr_auc":0.7980524387182222}