{"test/pr_auc":0.47622233259286556,"lr":1e-06,"test/acc":0.5,"test/roc_auc":0.41659232827832293,"_runtime":619,"_timestamp":1.7581165719579778e+09,"train/loss":2.33714199566748e-05,"_wandb":{"runtime":619},"time_min":0.18904409341824552,"_step":50,"epoch":50}