{"f1":0.4146785642170336,"_timestamp":1.756479080363067e+09,"_step":50,"_wandb":{"runtime":650},"_runtime":650,"acc":0.41466666666666663,"kappa":0.2683333333333333}