{"kappa":0.10999999999999999,"_wandb":{"runtime":650},"_runtime":650,"f1":0.28457828129095325,"_timestamp":1.7564280961854134e+09,"_step":50,"acc":0.288}