{"test/acc":0.4934210526315789,"_timestamp":1.7582071175464945e+09,"epoch":20,"time_min":0.03669495256617665,"test/pr_auc":0.36617872444576866,"test/roc_auc":0.4425207756232687,"_wandb":{"runtime":50},"_step":20,"_runtime":50,"train/loss":0.1609273999929428,"lr":1e-06}