{"lr":1e-06,"time_min":0.0835259080476438,"_step":20,"test/acc":0.5,"test/roc_auc":0.30875680580762255,"train/loss":1.313281472903327e-06,"_runtime":115,"epoch":20,"_timestamp":1.758172194720873e+09,"_wandb":{"runtime":115},"test/pr_auc":0.31991481111750764}