{"_runtime":656,"f1":0.33407131590365624,"_timestamp":1.7564817226495798e+09,"_step":50,"acc":0.33466666666666667,"kappa":0.16833333333333333,"_wandb":{"runtime":656}}