{"train/loss":0.869132936000824,"lr":0.00019513012337136787,"time_min":0.07821993657077352,"_timestamp":1.7582145934200559e+09,"_step":2,"_wandb":{"runtime":18},"_runtime":18.392618392,"epoch":2}