{"lr":9.054634122155996e-05,"time_min":0.11287782810007532,"_timestamp":1.7582143912397132e+09,"_wandb":{"runtime":30},"_runtime":30.742383895,"_step":4,"epoch":4,"train/loss":0.3225962519645691}