{"_step":50,"_wandb":{"runtime":653},"_runtime":653,"acc":0.43466666666666665,"kappa":0.29333333333333333,"f1":0.43223837224616796,"_timestamp":1.756475826276661e+09}