{"_timestamp":1.7581321562192793e+09,"test/acc":0.5182370820668694,"train/loss":0.00022210668248590082,"test/pr_auc":0.6154420373817318,"_wandb":{"runtime":130},"_runtime":130,"_step":20,"epoch":20,"test/roc_auc":0.5585950692333671,"lr":1e-06,"time_min":0.0543224195872123}