{"f1":0.2895356822851766,"_timestamp":1.7563989697537904e+09,"_step":50,"acc":0.2906666666666667,"_wandb":{"runtime":984},"_runtime":984,"kappa":0.11333333333333329}