{"epoch":6,"train/loss":0.7039209604263306,"lr":0.0002383738952177247,"time_min":0.12518182673181097,"_timestamp":1.7581267833579454e+09,"_step":6,"_wandb":{"runtime":76},"_runtime":76.245208968}