{"_wandb":{"runtime":778},"_runtime":778,"_step":50,"acc":0.43999999999999995,"kappa":0.30000000000000004,"f1":0.4392442823600199,"_timestamp":1.756461311409186e+09}