{"_runtime":53.539823504,"train/loss":2.5670526156318374e-05,"lr":0.00047625434959027194,"time_min":0.09134608154029895,"_timestamp":1.7581766062762434e+09,"_step":7,"epoch":7,"_wandb":{"runtime":53}}