{"_runtime":251,"_step":20,"train/loss":0.0006253877654671669,"test/acc":0.29184149184149183,"test/roc_auc":0.3813519813519814,"_timestamp":1.7581212938173864e+09,"epoch":20,"lr":1e-06,"time_min":0.17512065737197796,"test/pr_auc":0.5012753494586035,"_wandb":{"runtime":251}}