{"_wandb":{"runtime":2071},"_runtime":2071,"epoch":20,"val/roc_auc":1,"time_min":0.09762013015182068,"train/loss":0.0008730624103918672,"_step":24,"test/acc":1,"val/acc":1,"val/pr_auc":1,"lr":1e-06,"test/pr_auc":1,"_timestamp":1.7577031403324556e+09,"test/roc_auc":1}