{"test/acc":0.41363636363636364,"test/roc_auc":0.6342657342657343,"val/acc":0.6583333333333333,"_wandb":{"runtime":271},"val/roc_auc":0.8777777777777778,"lr":1e-06,"val/pr_auc":0.9049745726508501,"time_min":0.20617388613366833,"test/pr_auc":0.6239480576416832,"train/loss":0.0068884980864822865,"_runtime":271,"_step":20,"epoch":20,"_timestamp":1.7581022418875933e+09}