{"_timestamp":1.757820889922862e+09,"val/pr_auc":0.9946457839956598,"val/roc_auc":0.9944359215584242,"train/loss":0.0932958722114563,"val/acc":0.9656390551600831,"time_min":0.09585706989746541,"_wandb":{"runtime":37},"lr":0.00025621246378738883,"_runtime":37.493529117,"_step":5,"epoch":5}