{"epoch":1,"_wandb":{"runtime":8},"_runtime":8.50566213,"_step":1,"train/loss":0.61841881275177,"val/acc":0.5042016806722689,"lr":9.990232305719946e-05,"val/roc_auc":0.5448944283595791,"time_min":0.10548577043227851,"val/pr_auc":0.499868431953052,"_timestamp":1.757685086192236e+09}