{"val/acc":0.9979166666666667,"time_min":0.08406280069611967,"val/pr_auc":0.9999484533891099,"lr":1e-06,"_step":20,"epoch":20,"test/acc":0.8824561403508773,"_wandb":{"runtime":107},"_runtime":107,"test/pr_auc":0.9111379301038899,"_timestamp":1.7579957538149848e+09,"val/roc_auc":0.999953007518797,"test/roc_auc":0.9370760233918127,"train/loss":0.018575699999928474}