{"_wandb":{"runtime":243},"epoch":20,"_timestamp":1.758124850132422e+09,"test/pr_auc":0.29448588236886203,"_runtime":243,"time_min":0.18439290763344615,"train/loss":0.06110303848981857,"lr":1e-06,"_step":20,"test/acc":0.4308857808857809,"test/roc_auc":0.2797202797202797}