{"f1":0.4388061363975706,"_timestamp":1.7564823823135653e+09,"_step":50,"acc":0.43866666666666665,"_wandb":{"runtime":656},"_runtime":656,"kappa":0.29833333333333334}