{"_runtime":176,"test/roc_auc":0.8405441570026762,"val/acc":1,"test/pr_auc":0.8685447537951698,"time_min":0.1336723683324332,"val/pr_auc":1,"val/roc_auc":1,"_step":20,"train/loss":0.004087915178388357,"test/acc":0.8389830508474576,"_timestamp":1.757998112852919e+09,"_wandb":{"runtime":176},"epoch":20,"lr":1e-06}