{"_step":50,"_wandb":{"runtime":650},"_runtime":650,"acc":0.2653333333333333,"kappa":0.08166666666666667,"f1":0.24843204994919904,"_timestamp":1.7564379246664534e+09}