{"test/pr_auc":0.6449193477381745,"_timestamp":1.758127508385435e+09,"epoch":20,"test/roc_auc":0.7319298245614035,"_runtime":239,"lr":1e-06,"time_min":0.1874781285878271,"_step":20,"_wandb":{"runtime":239},"train/loss":0.0003067714278586209,"test/acc":0.6340350877192983}