{"_wandb":{"runtime":778},"_runtime":778,"_step":50,"acc":0.3,"kappa":0.125,"f1":0.2961849131844885,"_timestamp":1.7564484464303336e+09}