{"test/pr_auc":0.7560133449375581,"test/roc_auc":0.7769455922865014,"_step":20,"epoch":20,"_timestamp":1.7581701645314949e+09,"lr":1e-06,"_wandb":{"runtime":101},"test/acc":0.7418646694214877,"_runtime":101,"train/loss":8.155680006893817e-06,"time_min":0.07626630496233702}