{"_wandb":{"runtime":775},"_runtime":775,"_step":50,"acc":0.44266666666666665,"kappa":0.30333333333333334,"f1":0.4435141762560739,"_timestamp":1.7564589874543564e+09}