{"val/roc_auc":0.9997613630940071,"_step":10,"_runtime":72.288120989,"val/pr_auc":0.9997414687897862,"lr":0.00015050000000000003,"time_min":0.08263178784400224,"_wandb":{"runtime":72},"epoch":10,"train/loss":0.2722525894641876,"_timestamp":1.7579255191151013e+09,"val/acc":0.5}