{"epoch":7,"train/loss":6.866465992061421e-05,"lr":0.00036377062968501726,"time_min":0.05796475956837336,"_timestamp":1.758207610039322e+09,"_wandb":{"runtime":27},"_runtime":27.009260436,"_step":7}