{"train/loss":0.04512074217200279,"lr":0.00038418878534725976,"time_min":0.16684597639832646,"_timestamp":1.7581198668974993e+09,"_step":16,"_wandb":{"runtime":196},"_runtime":196.709768373,"epoch":16}