{"_wandb":{"runtime":659},"_runtime":659,"_step":50,"acc":0.41466666666666663,"kappa":0.2683333333333333,"f1":0.4145111330153751,"_timestamp":1.7564909593974226e+09}