{"_runtime":252,"epoch":20,"train/loss":0.0006253877654671669,"lr":1e-06,"time_min":0.19819709265138954,"_timestamp":1.7581218801569912e+09,"_step":20,"test/pr_auc":0.5012753494586035,"test/acc":0.29184149184149183,"_wandb":{"runtime":252},"test/roc_auc":0.3813519813519814}