{"acc":0.27599999999999997,"_wandb":{"runtime":739},"_runtime":739,"kappa":0.09499999999999997,"f1":0.2735423470919054,"_timestamp":1.7564438597042954e+09,"_step":50}