{"_runtime":160,"train/loss":2.351596594962757e-05,"test/pr_auc":0.6661395245542057,"_wandb":{"runtime":160},"val/roc_auc":1,"epoch":20,"_step":20,"_timestamp":1.7580333810751493e+09,"test/roc_auc":0.6110266801756163,"lr":1e-06,"val/acc":1,"test/acc":0.5946470786896318,"time_min":0.14827604266659666,"val/pr_auc":1}