{"_runtime":564,"_timestamp":1.7563957050226874e+09,"_step":27,"acc":0.2573333333333333,"kappa":0.07166666666666666,"f1":0.25204487500495976,"_wandb":{"runtime":564}}