{"time_min":0.1731039756986623,"val/roc_auc":1,"val/pr_auc":1,"test/pr_auc":0.8149089114616729,"_wandb":{"runtime":234},"lr":1e-06,"epoch":20,"_runtime":234,"train/loss":0.0013241886626929045,"val/acc":1,"test/roc_auc":0.751812865497076,"_timestamp":1.75811201926722e+09,"_step":20,"test/acc":0.8245614035087719}