{"_wandb":{"runtime":239},"epoch":20,"test/roc_auc":0.21409455842997321,"lr":1e-06,"test/acc":0.3112176628010705,"_runtime":239,"time_min":0.18678192265021304,"_timestamp":1.7581272893328133e+09,"_step":20,"train/loss":0.0004933085292577744,"test/pr_auc":0.29453332906713925}