{"test/roc_auc":0.8340182648401826,"_wandb":{"runtime":117},"_step":20,"train/loss":5.6204448810603935e-06,"test/acc":0.6916666666666667,"epoch":20,"lr":1e-06,"test/pr_auc":0.8591756243299355,"_runtime":117,"time_min":0.09207484687988957,"_timestamp":1.758165255085473e+09}