{"epoch":20,"test/roc_auc":0.7575757575757576,"_timestamp":1.758215230300632e+09,"_step":20,"test/acc":0.6535714285714286,"_wandb":{"runtime":73},"time_min":0.05593401516477267,"train/loss":0.016136828809976578,"lr":1e-06,"test/pr_auc":0.7126543799278884,"_runtime":73}