{"lr":1e-06,"epoch":20,"_runtime":316,"train/loss":0.0002491555060259998,"_wandb":{"runtime":316},"val/acc":1,"val/pr_auc":0.9999999999999999,"test/roc_auc":0.40489510489510483,"time_min":0.2473677462665364,"_step":20,"test/pr_auc":0.5028696516089751,"test/acc":0.4072261072261072,"_timestamp":1.7580832312602882e+09,"val/roc_auc":1}