{"_step":10,"_wandb":{"runtime":45},"_runtime":45.667426853,"epoch":10,"train/loss":0.16765891015529633,"lr":0.00045234974009654926,"time_min":0.055133167669797936,"_timestamp":1.7581804353035002e+09}