{"_runtime":277,"lr":1e-06,"_step":20,"train/loss":0.0068884980864822865,"test/pr_auc":0.6239480576416832,"val/pr_auc":0.9049745726508501,"val/roc_auc":0.8777777777777778,"test/acc":0.41363636363636364,"time_min":0.2114420321614792,"val/acc":0.6583333333333333,"_wandb":{"runtime":277},"_timestamp":1.7581038830028613e+09,"epoch":20,"test/roc_auc":0.6342657342657343}