{"f1":0.4065251983106308,"_timestamp":1.75649229437293e+09,"_step":50,"_wandb":{"runtime":667},"_runtime":667,"acc":0.4066666666666666,"kappa":0.2583333333333333}