{"_timestamp":1.7581756350483985e+09,"train/loss":8.428337849863965e-08,"test/acc":0.587258064516129,"_step":20,"lr":1e-06,"epoch":20,"time_min":0.05518034684937447,"test/roc_auc":0.6604435483870968,"_wandb":{"runtime":136},"_runtime":136,"test/pr_auc":0.7439848774360797}