{"_step":3,"epoch":3,"train/loss":0.5730945467948914,"lr":0.000283705475366161,"time_min":0.055304531993654864,"_wandb":{"runtime":13},"_runtime":13.796277437,"_timestamp":1.758209043952161e+09}