{"_timestamp":1.7582153916001077e+09,"_runtime":79,"_step":20,"train/loss":5.675936336047016e-05,"time_min":0.061842326431845625,"_wandb":{"runtime":79},"test/acc":0.47075433642597825,"test/roc_auc":0.5318676885841065,"test/pr_auc":0.452129651260312,"lr":1e-06,"epoch":20}