{"epoch":11,"train/loss":0.00942433811724186,"_wandb":{"runtime":90},"_runtime":90.326680476,"lr":0.0001271130474764855,"time_min":0.12169246533109496,"_timestamp":1.758124240860974e+09,"_step":11}