{"train/loss":0.27854207158088684,"lr":0.0004523497400965494,"time_min":0.1934487155172974,"_timestamp":1.7581202342228165e+09,"_wandb":{"runtime":62},"_runtime":62.11850106,"_step":4,"epoch":4}