{"train/loss":0.6945818662643433,"_timestamp":1.758114573278379e+09,"epoch":13,"val/pr_auc":0.6859436308438399,"_wandb":{"runtime":199},"time_min":0.1543590942164883,"_step":13,"val/roc_auc":0.7102470687433381,"val/acc":0.5,"lr":0.0001372293703149833,"_runtime":199.836027575}