{"time_min":0.12578475626651198,"train/loss":0.00014508016465697438,"_runtime":235,"_timestamp":1.758122903405986e+09,"_step":20,"lr":1e-06,"test/pr_auc":0.5488714127028032,"test/roc_auc":0.39533799533799535,"epoch":20,"_wandb":{"runtime":235},"test/acc":0.29184149184149183}