{"_step":4,"epoch":4,"train/loss":0.3786764144897461,"lr":9.054634122155996e-05,"time_min":0.11588027121809621,"_timestamp":1.758214385075613e+09,"_wandb":{"runtime":32},"_runtime":32.72099873}