{"time_min":0.07519588136735061,"lr":0.0002926829491861254,"_timestamp":1.757687798369772e+09,"_wandb":{"runtime":28},"val/acc":0.5,"epoch":5,"val/roc_auc":0.5625838570722407,"_step":5,"_runtime":28.215874233,"train/loss":0.6873847842216492,"val/pr_auc":0.480200008725527}