{"acc":0.2013333333333333,"kappa":0.0016666666666667052,"f1":0.07175346909353036,"_timestamp":1.7564672952428112e+09,"_step":50,"_wandb":{"runtime":657},"_runtime":657}