{"kappa":0,"f1":0.06666666666666667,"_wandb":{"runtime":657},"_runtime":657,"_timestamp":1.7564936193264863e+09,"_step":49,"acc":0.2}