{"kappa":0.265,"f1":0.4112985971381434,"_timestamp":1.756475170355446e+09,"_step":50,"_wandb":{"runtime":652},"_runtime":652,"acc":0.41200000000000003}