{"epoch":1,"lr":9.990232305719946e-05,"val/acc":0.5021008403361344,"_step":1,"_timestamp":1.7576850267311091e+09,"_wandb":{"runtime":12},"val/pr_auc":0.49239192826296796,"val/roc_auc":0.523921333239178,"_runtime":12.154449593,"train/loss":0.6204091906547546,"time_min":0.10521163778224339}