{"train/loss":0.10082222521305084,"val/roc_auc":1,"_wandb":{"runtime":91},"val/acc":0.9886792452830189,"_step":5,"epoch":5,"val/pr_auc":1,"_timestamp":1.758089587726607e+09,"_runtime":91.930032237,"lr":8.550178566873419e-05,"time_min":0.24452141198174407}