{"time_min":0.1597235902523001,"_timestamp":1.7579961870987823e+09,"test/roc_auc":0.447814451382694,"_wandb":{"runtime":141},"_step":20,"train/loss":2.233604755019769e-05,"val/pr_auc":1.0000000000000002,"_runtime":141,"val/acc":1,"val/roc_auc":1,"test/pr_auc":0.5392127348463218,"epoch":20,"test/acc":0.5,"lr":1e-06}