{"test/roc_auc":1,"val/roc_auc":0.9904276108774138,"val/pr_auc":0.9909798781652145,"test/pr_auc":1.0000000000000002,"lr":1e-06,"test/acc":0.9912280701754386,"time_min":0.1053836485526214,"val/acc":0.960352422907489,"_step":20,"epoch":20,"train/loss":0.12263661623001099,"_wandb":{"runtime":172},"_timestamp":1.7579956444170213e+09,"_runtime":172}