{"acc":0.2866666666666667,"kappa":0.10833333333333328,"f1":0.28395949101502005,"_timestamp":1.7564705879458196e+09,"_wandb":{"runtime":653},"_runtime":653,"_step":50}