{"_step":50,"test/pr_auc":0.3977565035501081,"_runtime":420,"train/loss":1.068710844265297e-06,"time_min":0.11751127223639439,"_timestamp":1.7581765712923453e+09,"test/acc":0.4203931203931204,"test/roc_auc":0.5186732186732187,"_wandb":{"runtime":420},"epoch":50,"lr":1e-06}