{"val/acc":1,"_timestamp":1.758091990511915e+09,"_step":50,"val/pr_auc":1,"test/acc":0.6864406779661016,"_wandb":{"runtime":701},"epoch":50,"train/loss":6.2333429013960995e-06,"test/roc_auc":0.8278322925958965,"time_min":0.2388988885640477,"lr":1e-06,"_runtime":701,"val/roc_auc":1,"test/pr_auc":0.8730314858776292}