{"test/roc_auc":0.3905311223263639,"_step":20,"lr":1e-06,"train/loss":8.152780537784565e-06,"epoch":20,"time_min":0.08929438864967475,"_wandb":{"runtime":116},"test/pr_auc":0.3527325166920334,"_timestamp":1.7581725479335198e+09,"_runtime":116,"test/acc":0.5}