{"train/loss":3.0620220059063286e-05,"lr":1e-06,"_wandb":{"runtime":118},"_step":20,"epoch":20,"_runtime":118,"_timestamp":1.7581700607726197e+09,"test/acc":0.8392857142857143,"test/pr_auc":0.9275382410563999,"test/roc_auc":0.9302606177606177,"time_min":0.09153542025014758}