{"test/pr_auc":0.4904904840051002,"_runtime":261,"train/loss":0.00020812149159610271,"_timestamp":1.7577062074598277e+09,"test/roc_auc":0.48961409617842816,"_wandb":{"runtime":261},"_step":20,"val/acc":1,"epoch":20,"test/acc":0.48638904805982874,"val/roc_auc":1,"val/pr_auc":1,"lr":1e-06,"time_min":0.09731614004898195}