{"time_min":0.21733649629944315,"epoch":20,"val/roc_auc":1,"val/acc":1,"train/loss":3.95953475162969e-06,"test/roc_auc":0.5410756501182032,"test/pr_auc":0.5356080761268827,"test/acc":0.5554711246200608,"_runtime":279,"_step":20,"_wandb":{"runtime":279},"lr":1e-06,"_timestamp":1.7580842855662959e+09,"val/pr_auc":0.9999999999999999}