{"_runtime":321,"val/roc_auc":1,"lr":1e-06,"test/roc_auc":0.8486549707602339,"_step":20,"epoch":20,"train/loss":0.0003555564908310771,"test/acc":0.6628070175438596,"_wandb":{"runtime":321},"val/acc":0.9854166666666666,"test/pr_auc":0.7909368996303728,"time_min":0.2492418399779126,"val/pr_auc":1,"_timestamp":1.7580840032391613e+09}