{"f1":0.29716783878691855,"_timestamp":1.7563941681911206e+09,"_wandb":{"runtime":981},"_runtime":981,"_step":50,"acc":0.29733333333333334,"kappa":0.1216666666666667}