{"acc":0.45866666666666667,"kappa":0.32333333333333336,"f1":0.4603394093889137,"_timestamp":1.7564392287311728e+09,"_step":50,"_wandb":{"runtime":649},"_runtime":649}