{"test/pr_auc":0.41297586297902145,"_wandb":{"runtime":419},"lr":1e-06,"time_min":0.11852486094770333,"test/acc":0.5420147420147421,"_timestamp":1.7581776013351672e+09,"test/roc_auc":0.538083538083538,"train/loss":1.6737607438699342e-05,"_step":50,"_runtime":419,"epoch":50}