{"_step":1,"epoch":1,"train/loss":0.7011232376098633,"_wandb":{"runtime":13},"_runtime":13.14230395,"lr":0.0002997049959000265,"time_min":0.19497436473611743,"_timestamp":1.758115202264742e+09}