{"_step":20,"test/acc":0.6008412424503883,"_runtime":116,"lr":1e-06,"epoch":20,"time_min":0.08957979020196945,"_wandb":{"runtime":116},"train/loss":2.336508032385609e-06,"test/pr_auc":0.5521773804349651,"test/roc_auc":0.5406600517687662,"_timestamp":1.7581690041481009e+09}