{"epoch":12,"train/loss":0.05284220725297928,"lr":0.0004323776725416422,"time_min":0.055401506305982666,"_timestamp":1.7581805114439554e+09,"_step":12,"_wandb":{"runtime":51},"_runtime":51.982504047}