{"_wandb":{"runtime":22},"_runtime":22.597683888,"_timestamp":1.758209010975207e+09,"_step":5,"epoch":5,"train/loss":0.06232251599431038,"lr":0.00025621246378738883,"time_min":0.05513592951465398}