{"_wandb":{"runtime":775},"_runtime":775,"_step":50,"acc":0.4706666666666666,"kappa":0.3383333333333334,"f1":0.4702466824992316,"_timestamp":1.7564500022144933e+09}