{"_wandb":{"runtime":243},"epoch":20,"train/loss":0.0003322604752611369,"time_min":0.1885310834661747,"_runtime":243,"_step":20,"lr":1e-06,"test/pr_auc":0.49612489287368156,"test/roc_auc":0.3664335664335664,"_timestamp":1.758122569556341e+09,"test/acc":0.29825174825174827}