{"_wandb":{"runtime":118},"_timestamp":1.7581659036243045e+09,"_step":20,"train/loss":6.495533853012603e-06,"time_min":0.08547073320175211,"epoch":20,"test/pr_auc":0.42005753038864235,"lr":1e-06,"test/roc_auc":0.47368421052631576,"_runtime":118,"test/acc":0.5}