{"_step":20,"train/loss":0.010445281863212585,"test/acc":0.29184149184149183,"_runtime":243,"test/pr_auc":0.5809470917008621,"test/roc_auc":0.4974358974358974,"lr":1e-06,"epoch":20,"_wandb":{"runtime":243},"time_min":0.1572827604133636,"_timestamp":1.7581253983422227e+09}