{"_step":50,"acc":0.2733333333333333,"_wandb":{"runtime":650},"_runtime":650,"kappa":0.09166666666666667,"f1":0.25847101998218003,"_timestamp":1.7564254772015698e+09}