{"_wandb":{"runtime":840},"_runtime":840,"acc":0.4653333333333333,"kappa":0.33166666666666667,"f1":0.46549193783322124,"_timestamp":1.7565009501416678e+09,"_step":50}