{"_runtime":129.452123705,"_step":34,"epoch":34,"train/loss":2.751519059529528e-05,"lr":0.0001168112146527402,"time_min":0.054941560685013734,"_timestamp":1.7581803306585157e+09,"_wandb":{"runtime":129}}