{"test/roc_auc":0.39440559440559436,"val/roc_auc":1,"epoch":20,"val/acc":0.532319391634981,"_step":20,"_wandb":{"runtime":103},"lr":1e-06,"time_min":0.08197584028045336,"val/pr_auc":0.9999999999999998,"_runtime":103,"_timestamp":1.75799604316316e+09,"test/pr_auc":0.3579386023976181,"train/loss":7.780092710163444e-05,"test/acc":0.5}