{"epoch":20,"train/loss":2.894633507821709e-05,"_wandb":{"runtime":143},"test/acc":0.5,"lr":1e-06,"test/pr_auc":0.35368303999968825,"_timestamp":1.7582123200148945e+09,"test/roc_auc":0.3061718434852763,"_step":20,"_runtime":143,"time_min":0.06276540760106096}