{"_wandb":{"runtime":147},"_timestamp":1.7582122978047924e+09,"time_min":0.11566230451377729,"train/loss":2.1061550796730444e-06,"test/roc_auc":0.743971313312416,"_runtime":147,"lr":1e-06,"test/pr_auc":0.6409438751093492,"_step":20,"epoch":20,"test/acc":0.5664724338861497}