{"kappa":0.06000000000000005,"_wandb":{"runtime":117},"_runtime":117,"f1":0.22646933709282377,"_timestamp":1.7564015907996776e+09,"_step":8,"acc":0.248}