{"f1":0.35144599090472395,"_timestamp":1.75644311707918e+09,"_step":50,"_wandb":{"runtime":649},"_runtime":649,"acc":0.352,"kappa":0.18999999999999995}