{"test/acc":0.6765562024182714,"test/roc_auc":0.6173309449171518,"lr":1e-06,"_step":20,"train/loss":0.02461572177708149,"epoch":20,"time_min":0.08982625966891647,"_wandb":{"runtime":128},"_runtime":128,"_timestamp":1.7581630951494055e+09,"test/pr_auc":0.6755587258213097}