{"_wandb":{"runtime":654},"_runtime":654,"acc":0.41866666666666663,"kappa":0.2733333333333333,"f1":0.41926472985428653,"_timestamp":1.756479737764534e+09,"_step":50}