{"_timestamp":1.7581699393255696e+09,"test/acc":0.4101491862567812,"test/roc_auc":0.3178119349005425,"epoch":20,"train/loss":6.470368134614546e-06,"_runtime":115,"_step":20,"time_min":0.08912702628877014,"_wandb":{"runtime":115},"lr":1e-06,"test/pr_auc":0.3137794851635832}