{"test/acc":0.8333333333333333,"epoch":20,"test/pr_auc":0.9996948663249172,"test/roc_auc":0.9997660818713451,"val/pr_auc":0.8623932247087698,"_wandb":{"runtime":263},"val/acc":0.852886621840946,"lr":1e-06,"val/roc_auc":0.8871849226590706,"_runtime":263,"train/loss":0.41726669669151306,"time_min":0.17123130778005968,"_step":20,"_timestamp":1.7581097298448675e+09}