{"_timestamp":1.7565001060432756e+09,"_step":50,"acc":0.5066666666666666,"kappa":0.3833333333333333,"_wandb":{"runtime":835},"_runtime":835,"f1":0.5065793713565454}