{"lr":1e-06,"_timestamp":1.7581270240363996e+09,"test/acc":0.6933566433566434,"time_min":0.19014887558296323,"test/pr_auc":0.5687647907791484,"train/loss":0.00028015917632728815,"test/roc_auc":0.7289044289044289,"epoch":20,"_runtime":237,"_step":20,"_wandb":{"runtime":237}}