{"_runtime":772,"acc":0.37733333333333335,"kappa":0.22166666666666668,"f1":0.37757234273059975,"_timestamp":1.756495056782012e+09,"_step":50,"_wandb":{"runtime":772}}