{"lr":0.0007940987335200892,"time_min":0.23969748516877493,"val/pr_auc":0.948455465844973,"epoch":6,"val/acc":0.5,"_timestamp":1.7580823312385051e+09,"_runtime":101.005242507,"_step":6,"_wandb":{"runtime":101},"val/roc_auc":0.9638544633055984,"train/loss":0.3932991623878479}