{"_wandb":{"runtime":630},"_step":50,"time_min":0.19685532293127228,"test/acc":0.42645687645687647,"_timestamp":1.7581159504011955e+09,"train/loss":6.763470082660206e-06,"test/pr_auc":0.5358412126437199,"_runtime":630,"test/roc_auc":0.38170163170163174,"epoch":50,"lr":1e-06}