{"_timestamp":1.75643070725689e+09,"_wandb":{"runtime":649},"_runtime":649,"_step":49,"acc":0.2,"kappa":0,"f1":0.06666666666666667}