{"_timestamp":1.757824558781178e+09,"_step":10,"val/acc":0.9936540515337577,"val/pr_auc":0.9998590741402752,"lr":0.0001505000000000002,"time_min":0.20515984330171097,"train/loss":0.010342192836105824,"_wandb":{"runtime":146},"epoch":10,"_runtime":146.216034334,"val/roc_auc":0.9998711498536653}