{"_runtime":171.210331719,"_step":34,"val/roc_auc":0.77543076053951,"_wandb":{"runtime":171},"val/acc":0.6365546218487395,"time_min":0.07912129936739802,"lr":7.039389415064002e-05,"_timestamp":1.757681249568352e+09,"epoch":34,"train/loss":6.947103884158423e-06,"val/pr_auc":0.7177721952416337}