{"_runtime":658,"_step":50,"acc":0.44666666666666666,"kappa":0.30833333333333335,"f1":0.4467740460563011,"_timestamp":1.7564869984045932e+09,"_wandb":{"runtime":658}}