{"epoch":20,"val/acc":1,"train/loss":0.0004306553746573627,"test/acc":0.6543859649122807,"test/pr_auc":0.7064505948010014,"val/pr_auc":0.9999999999999999,"_wandb":{"runtime":323},"_step":20,"val/roc_auc":1,"lr":1e-06,"time_min":0.2554742367317279,"_runtime":323,"test/roc_auc":0.832280701754386,"_timestamp":1.7581082389945948e+09}