{"val/pr_auc":0.876200870321431,"_step":20,"test/acc":0.8733333333333333,"test/roc_auc":0.9673684210526315,"_runtime":271,"epoch":20,"_wandb":{"runtime":271},"_timestamp":1.7581060812741292e+09,"val/roc_auc":0.8248691905201601,"time_min":0.21163623325216274,"train/loss":0.0004306553746573627,"lr":1e-06,"test/pr_auc":0.9468863008015997,"val/acc":0.5175438596491229}