{"kappa":0.3616666666666667,"f1":0.48942607920098175,"_wandb":{"runtime":839},"_runtime":839,"_timestamp":1.7564975868717206e+09,"_step":50,"acc":0.48933333333333334}