{"epoch":20,"time_min":0.2541633513988927,"test/acc":0.5,"test/roc_auc":0.47636039250669043,"_timestamp":1.7580983000112174e+09,"_wandb":{"runtime":323},"_runtime":323,"test/pr_auc":0.6026639606733007,"train/loss":0.003396551823243499,"val/pr_auc":1,"val/roc_auc":1,"val/acc":1,"lr":1e-06,"_step":20}