{"test/pr_auc":0.3006323829350994,"time_min":0.05863342947947482,"_runtime":74,"_step":20,"train/loss":6.853020977359847e-07,"lr":1e-06,"test/roc_auc":0.2604761904761905,"epoch":20,"_wandb":{"runtime":74},"_timestamp":1.758210473774776e+09,"test/acc":0.3722619047619048}