{"train/loss":0.0012025225441902876,"_wandb":{"runtime":172},"_runtime":172,"test/roc_auc":0.9093073593073593,"epoch":20,"lr":1e-06,"test/acc":0.7913419913419913,"time_min":0.13155568178432683,"_step":20,"test/pr_auc":0.8876315396419285,"_timestamp":1.7582140159201458e+09}