{"_wandb":{"runtime":655},"_runtime":655,"_timestamp":1.7564627068760583e+09,"_step":50,"acc":0.272,"kappa":0.08999999999999997,"f1":0.2703359572004683}