{"val/pr_auc":1,"time_min":0.12940884758718313,"test/acc":0.46456876456876456,"epoch":20,"_wandb":{"runtime":180},"_step":20,"_timestamp":1.757996915347068e+09,"test/roc_auc":0.5839160839160839,"val/acc":1,"test/pr_auc":0.6199877536568345,"_runtime":180,"train/loss":0.008258030749857426,"val/roc_auc":1,"lr":1e-06}