{"_timestamp":1.7581223018758297e+09,"_wandb":{"runtime":177},"_runtime":177.824754469,"_step":16,"epoch":16,"train/loss":0.2581687271595001,"lr":4.8650259903450605e-05,"time_min":0.19541073027066885}