{"_step":20,"test/pr_auc":0.49464234185446926,"_runtime":143,"time_min":0.12950242491594205,"_timestamp":1.75821270069504e+09,"train/loss":6.165266677271575e-05,"test/roc_auc":0.603030303030303,"_wandb":{"runtime":143},"test/acc":0.46818181818181814,"epoch":20,"lr":1e-06}