{"_step":50,"_wandb":{"runtime":653},"_runtime":653,"acc":0.2586666666666667,"kappa":0.07333333333333336,"f1":0.2566618202554512,"_timestamp":1.75642744294784e+09}