{"_wandb":{"runtime":42},"time_min":0.08125845966860652,"epoch":7,"lr":0.0002857716443436699,"train/loss":0.005776375066488981,"val/pr_auc":0.7256718504231064,"_runtime":42.206516667,"val/acc":0.680672268907563,"val/roc_auc":0.7593566838500105,"_timestamp":1.7576862570361688e+09,"_step":7}