{"val/roc_auc":0.6350187133677,"_wandb":{"runtime":246},"epoch":50,"test/roc_auc":0.7076359942739253,"train/loss":1.0319492503185757e-05,"test/acc":0.5727969348659003,"test/pr_auc":0.7153854618162825,"val/pr_auc":0.6395141992336478,"val/acc":0.5798319327731093,"_runtime":246,"time_min":0.07881430313379194,"_timestamp":1.7576817124048498e+09,"_step":50,"lr":1e-06}