{"_runtime":176,"train/loss":0.011905289255082607,"lr":1e-06,"time_min":0.12843946441231915,"test/pr_auc":0.46995814109963396,"test/acc":0.29184149184149183,"epoch":20,"_step":20,"test/roc_auc":0.43076923076923074,"_timestamp":1.7581321315352237e+09,"_wandb":{"runtime":176}}