{"_step":20,"epoch":20,"_wandb":{"runtime":149},"test/roc_auc":0.5793814432989691,"_timestamp":1.7582131856603928e+09,"test/pr_auc":0.7327744193304861,"time_min":0.11632236394410332,"lr":1e-06,"train/loss":0.004834837280213833,"test/acc":0.6130434782608696,"_runtime":149}