{"val/roc_auc":0.7640350257750159,"_wandb":{"runtime":154},"epoch":30,"_step":30,"_timestamp":1.7576861971636024e+09,"time_min":0.07954930134971315,"_runtime":154.514321849,"train/loss":8.155710929713678e-06,"lr":0.00010430195934094535,"val/pr_auc":0.7399752591606543,"val/acc":0.6512605042016807}