{"lr":1e-06,"test/roc_auc":0.8411695906432748,"_wandb":{"runtime":620},"train/loss":3.706564530148171e-05,"time_min":0.16641686491978666,"test/acc":0.7894736842105263,"test/pr_auc":0.8622143945701481,"_runtime":620,"_step":50,"epoch":50,"_timestamp":1.7581172040209162e+09}