{"val/pr_auc":1,"_wandb":{"runtime":211},"_step":20,"val/acc":1,"epoch":20,"test/roc_auc":0.235950044603033,"_runtime":211,"val/roc_auc":1,"train/loss":1.0481798199180048e-05,"_timestamp":1.757839085828257e+09,"lr":1e-06,"time_min":0.16576386160062004,"test/acc":0.5,"test/pr_auc":0.30755025043655887}