{"_timestamp":1.7564067742910318e+09,"_wandb":{"runtime":996},"_runtime":996,"_step":50,"acc":0.2813333333333333,"kappa":0.10166666666666668,"f1":0.2748635639601743}