{"lr":1e-06,"train/loss":1.3615806892630644e-05,"_runtime":178,"val/pr_auc":1,"test/acc":0.7254079254079254,"test/roc_auc":0.8053613053613053,"time_min":0.13000272201218951,"val/acc":1,"_step":20,"_wandb":{"runtime":178},"_timestamp":1.7580327752667725e+09,"test/pr_auc":0.7183899013229289,"val/roc_auc":1,"epoch":20}