{"_timestamp":1.7581661453664496e+09,"_step":20,"test/pr_auc":0.32897943379548966,"_runtime":120,"test/acc":0.5708634719710669,"epoch":20,"time_min":0.08946490675055732,"_wandb":{"runtime":120},"test/roc_auc":0.37115732368896925,"train/loss":1.201116629090393e-05,"lr":1e-06}