{"_wandb":{"runtime":645},"_runtime":645,"acc":0.308,"kappa":0.135,"f1":0.3061319257892693,"_timestamp":1.7564777791437805e+09,"_step":50}