{"f1":0.2568031878603525,"_wandb":{"runtime":775},"_runtime":775,"_timestamp":1.7564515621862314e+09,"_step":50,"acc":0.2573333333333333,"kappa":0.07166666666666666}