{"_timestamp":1.7576874578210177e+09,"_wandb":{"runtime":251},"epoch":49,"val/roc_auc":0.6503248358166795,"train/loss":5.481827429321129e-06,"lr":1.2950040999734033e-06,"time_min":0.08158811951677004,"_step":49,"_runtime":251.17984824,"val/acc":0.6701680672268908,"val/pr_auc":0.7108306029119398}