{"_step":20,"lr":1e-06,"epoch":20,"test/acc":0.6085714285714285,"_wandb":{"runtime":163},"train/loss":4.302113666199148e-05,"_timestamp":1.7582145759980788e+09,"test/pr_auc":0.4201841176506531,"test/roc_auc":0.5442857142857143,"time_min":0.1316311155833925,"_runtime":163}