{"test/pr_auc":0.8523570832278786,"_timestamp":1.7582101657485993e+09,"_step":20,"epoch":20,"test/acc":0.7036904761904762,"_runtime":73,"time_min":0.054574420062514645,"test/roc_auc":0.8849999999999999,"train/loss":7.93813742347993e-05,"_wandb":{"runtime":73},"lr":1e-06}