{"_step":50,"acc":0.324,"kappa":0.15500000000000003,"f1":0.32156510562633595,"_timestamp":1.756465978948289e+09,"_wandb":{"runtime":648},"_runtime":648}