{"lr":0.00019669804065905463,"val/acc":0.502092050209205,"val/pr_auc":0.9988076392965521,"_timestamp":1.7579248670150816e+09,"time_min":0.08225817476244023,"epoch":8,"val/roc_auc":0.9987590880888365,"_wandb":{"runtime":63},"_runtime":63.498022852,"_step":8,"train/loss":0.22622808814048767}