{"f1":0.06666666666666667,"_timestamp":1.7564446126134567e+09,"_step":49,"_wandb":{"runtime":749},"_runtime":749,"acc":0.2,"kappa":0}