{"_step":20,"epoch":20,"lr":1e-06,"test/acc":0.5664724338861497,"test/pr_auc":0.6251637680570223,"time_min":0.05541403686317305,"test/roc_auc":0.7098162259076648,"_wandb":{"runtime":73},"_timestamp":1.75821110096302e+09,"_runtime":73,"train/loss":2.385924290138064e-06}