{"epoch":20,"time_min":0.21303211736182373,"test/acc":0.8470175438596491,"_wandb":{"runtime":274},"_timestamp":1.7581047021105828e+09,"val/acc":0.5,"test/pr_auc":0.8349527514673514,"val/roc_auc":0.4499846106494305,"val/pr_auc":0.630061689964976,"test/roc_auc":0.8785964912280702,"_runtime":274,"_step":20,"train/loss":0.034124284982681274,"lr":1e-06}