{"_timestamp":1.756401278167388e+09,"_step":50,"_wandb":{"runtime":657},"_runtime":657,"acc":0.2853333333333333,"kappa":0.10666666666666669,"f1":0.28536731059024584}