{"test/acc":0.41363636363636364,"_wandb":{"runtime":316},"time_min":0.24817633553563306,"_timestamp":1.7581133860929687e+09,"test/roc_auc":0.3666666666666667,"_step":20,"val/acc":1,"val/pr_auc":1,"test/pr_auc":0.4458602586883129,"lr":1e-06,"epoch":20,"train/loss":0.013841292820870876,"_runtime":316,"val/roc_auc":1}