{"_runtime":240,"test/acc":0.6449122807017544,"test/roc_auc":0.7550877192982457,"_wandb":{"runtime":240},"train/loss":0.00015767579316161573,"_timestamp":1.7581275321742973e+09,"_step":20,"lr":1e-06,"time_min":0.18634710483408223,"test/pr_auc":0.6595954563733831,"epoch":20}