{"_timestamp":1.7578395181365325e+09,"train/loss":5.8727913710754365e-05,"time_min":0.16834657744814951,"_runtime":216,"val/acc":1,"test/acc":0.49894736842105264,"epoch":20,"val/pr_auc":1,"lr":1e-06,"_step":20,"test/roc_auc":0.5861988304093567,"_wandb":{"runtime":216},"val/roc_auc":1,"test/pr_auc":0.48584673907252374}