{"val/roc_auc":1,"val/pr_auc":1,"epoch":20,"test/pr_auc":0.7155334574339736,"test/roc_auc":0.7188811188811187,"_wandb":{"runtime":229},"_step":20,"test/acc":0.5,"_runtime":229,"train/loss":0.005860859528183937,"lr":1e-06,"time_min":0.1673269737434263,"_timestamp":1.7579257751033494e+09,"val/acc":1}