{"_runtime":12.336176687,"epoch":1,"train/loss":0.7000834941864014,"lr":0.0004969282409784868,"time_min":0.1109742402487124,"_timestamp":1.758125564630413e+09,"_step":1,"_wandb":{"runtime":12}}