{"_runtime":115,"lr":1e-06,"_timestamp":1.7581698218625329e+09,"epoch":20,"test/roc_auc":0.7726027397260274,"time_min":0.09114083781217536,"train/loss":1.0069783456856385e-05,"test/pr_auc":0.7812974970263813,"_step":20,"test/acc":0.6666666666666666,"_wandb":{"runtime":115}}