{"f1":0.26586909673242054,"_wandb":{"runtime":649},"_runtime":649,"_timestamp":1.7564287482879615e+09,"_step":50,"acc":0.2693333333333333,"kappa":0.08666666666666667}