{"test/pr_auc":0.8879547648461614,"time_min":0.24379986871499568,"_timestamp":1.7580964094831161e+09,"train/loss":0.00036770300357602537,"_step":20,"val/acc":0.9977973568281938,"val/pr_auc":1,"lr":1e-06,"test/roc_auc":0.887719298245614,"test/acc":0.8245614035087719,"_wandb":{"runtime":317},"_runtime":317,"epoch":20,"val/roc_auc":1}