{"_step":20,"time_min":0.09160735449598481,"test/acc":0.8392857142857143,"_wandb":{"runtime":122},"epoch":20,"train/loss":2.4821172701194882e-05,"test/roc_auc":0.8503861003861004,"lr":1e-06,"_timestamp":1.758169367312448e+09,"test/pr_auc":0.8674278451931772,"_runtime":122}