{"_timestamp":1.7581236471970298e+09,"test/roc_auc":0.8629239766081871,"_wandb":{"runtime":238},"lr":1e-06,"_step":20,"time_min":0.18616313313444455,"test/pr_auc":0.8662644705864837,"train/loss":0.01166566088795662,"test/acc":0.6666666666666666,"epoch":20,"_runtime":238}