{"val/pr_auc":1,"time_min":0.2535405581273759,"test/acc":0.5614406779661016,"val/roc_auc":1,"_timestamp":1.7581011327556524e+09,"_step":20,"test/pr_auc":0.6142724973556857,"_wandb":{"runtime":316},"test/roc_auc":0.46855486173059774,"_runtime":316,"lr":1e-06,"epoch":20,"train/loss":9.357227827422321e-05,"val/acc":1}