{"_step":20,"_wandb":{"runtime":247},"test/acc":0.29184149184149183,"_runtime":247,"epoch":20,"train/loss":0.0005527412868104875,"lr":1e-06,"time_min":0.19616840803840507,"test/pr_auc":0.3322128855699735,"test/roc_auc":0.30174825174825176,"_timestamp":1.7581212812013302e+09}