{"epoch":20,"time_min":0.05577598046511412,"_wandb":{"runtime":79},"lr":1e-06,"_runtime":79,"_timestamp":1.758132520332892e+09,"test/acc":0.29184149184149183,"test/roc_auc":0.43076923076923074,"train/loss":0.011905289255082607,"test/pr_auc":0.46995814109963396,"_step":20}