{"time_min":0.08293481233219306,"_wandb":{"runtime":34},"train/loss":0.07151845097541809,"val/acc":0.5182734302622374,"val/pr_auc":0.4605054384354706,"_runtime":34.644707782,"lr":0.0002895015846402931,"_timestamp":1.7576906793761659e+09,"epoch":6,"val/roc_auc":0.48677468756499215,"_step":6}