{"_step":20,"train/loss":0.00017548049800097942,"test/acc":0.3416592328278323,"test/roc_auc":0.2216770740410348,"_runtime":157,"time_min":0.1234797248772035,"epoch":20,"test/pr_auc":0.2966226868412714,"_wandb":{"runtime":157},"_timestamp":1.7581284044721498e+09,"lr":1e-06}