{"kappa":0.09499999999999997,"f1":0.27508915637766435,"_timestamp":1.7564353137831528e+09,"_step":50,"_wandb":{"runtime":651},"_runtime":651,"acc":0.27599999999999997}