{"f1":0.47664362858908915,"_timestamp":1.7564461057301087e+09,"_wandb":{"runtime":777},"_runtime":777,"_step":50,"acc":0.476,"kappa":0.345}