{"kappa":0.14500000000000002,"f1":0.31523993955910856,"_timestamp":1.756455390587169e+09,"_step":50,"_wandb":{"runtime":722},"_runtime":722,"acc":0.316}