{"acc":0.47333333333333333,"kappa":0.3416666666666667,"f1":0.4726033866249003,"_timestamp":1.7564476640680234e+09,"_wandb":{"runtime":775},"_runtime":775,"_step":50}