{"test/acc":0.29184149184149183,"lr":1e-06,"_runtime":244,"test/pr_auc":0.46146521072367885,"_wandb":{"runtime":244},"_timestamp":1.7581318276351707e+09,"time_min":0.19020504210299502,"epoch":20,"train/loss":0.0007566442945972085,"test/roc_auc":0.4312354312354312,"_step":20}