{"time_min":0.1794064084533602,"_timestamp":1.7578324976547163e+09,"train/loss":0.0007958814385347068,"epoch":20,"_runtime":271,"val/roc_auc":1,"val/acc":1,"test/acc":0.3521063281824871,"_step":20,"val/pr_auc":1,"lr":1e-06,"test/pr_auc":0.31214008172858954,"test/roc_auc":0.262037037037037,"_wandb":{"runtime":271}}