{"f1":0.28188234877042884,"_wandb":{"runtime":652},"_runtime":652,"_timestamp":1.7564261326665978e+09,"_step":50,"acc":0.2826666666666667,"kappa":0.10333333333333339}