{"f1":0.37958888356226916,"_timestamp":1.7563951521015775e+09,"_step":50,"acc":0.3813333333333333,"_wandb":{"runtime":981},"_runtime":981,"kappa":0.22666666666666668}