{"_step":20,"test/pr_auc":0.5337308158632635,"lr":1e-06,"time_min":0.07312367366782078,"test/acc":0.44562647754137114,"test/roc_auc":0.4450354609929078,"val/pr_auc":1,"_timestamp":1.757948393868427e+09,"_wandb":{"runtime":93},"epoch":20,"train/loss":1.0526765436225105e-05,"val/roc_auc":1,"val/acc":1,"_runtime":93.349813847}