{"_timestamp":1.7581228899971304e+09,"_runtime":234,"lr":1e-06,"_step":20,"test/pr_auc":0.311938692316235,"epoch":20,"train/loss":4.8743011575425044e-05,"test/acc":0.29184149184149183,"test/roc_auc":0.3334498834498834,"time_min":0.18893169165433696,"_wandb":{"runtime":234}}