{"_step":20,"lr":1e-06,"epoch":20,"train/loss":0.05794968456029892,"test/acc":0.29184149184149183,"test/roc_auc":0.4951048951048951,"_timestamp":1.7581251181535258e+09,"_wandb":{"runtime":237},"time_min":0.18447862001291165,"_runtime":237,"test/pr_auc":0.5651482676501194}