{"_step":2,"epoch":2,"train/loss":0.5575571060180664,"_wandb":{"runtime":26},"_runtime":26.707094418,"lr":9.757729755661008e-05,"time_min":0.16994743646743396,"_timestamp":1.7581275346947758e+09}