{"epoch":20,"_timestamp":1.7581751492357383e+09,"_step":20,"_wandb":{"runtime":163},"train/loss":0.00012601332855410874,"time_min":0.1289516972998778,"test/acc":0.4203931203931204,"lr":1e-06,"test/pr_auc":0.3777256499147925,"test/roc_auc":0.5117936117936117,"_runtime":163}