{"_runtime":778,"acc":0.27199999999999996,"kappa":0.08999999999999997,"f1":0.27125299966516936,"_timestamp":1.7564507838441794e+09,"_step":50,"_wandb":{"runtime":778}}