{"_runtime":170,"lr":1e-06,"_step":20,"epoch":20,"train/loss":4.975459160050377e-05,"test/roc_auc":0.45404761904761903,"test/pr_auc":0.3638150546354341,"_wandb":{"runtime":170},"time_min":0.11724161419551819,"_timestamp":1.758214590525138e+09,"test/acc":0.43214285714285716}