{"time_min":0.1860406022363653,"_wandb":{"runtime":242},"_step":20,"_runtime":242,"train/loss":0.06747365742921829,"test/pr_auc":0.570106020939142,"lr":1e-06,"_timestamp":1.7581251336607544e+09,"epoch":20,"test/roc_auc":0.496037296037296,"test/acc":0.30466200466200466}