{"_timestamp":1.7581732455705352e+09,"test/acc":0.5387931034482758,"test/pr_auc":0.7113644441132639,"lr":1e-06,"test/roc_auc":0.7472776769509982,"_step":20,"train/loss":5.248260094958823e-06,"time_min":0.11201551091702035,"epoch":20,"_wandb":{"runtime":145},"_runtime":145}