{"test/pr_auc":0.9132418173861248,"val/roc_auc":1,"lr":1e-06,"_timestamp":1.7581075966514492e+09,"test/acc":0.6864406779661016,"time_min":0.24930065446533262,"test/roc_auc":0.9038804638715433,"val/acc":1,"val/pr_auc":1,"_runtime":316,"_step":20,"train/loss":0.0036083736922591925,"_wandb":{"runtime":316},"epoch":20}