{"_runtime":165,"epoch":20,"lr":1e-06,"_wandb":{"runtime":165},"test/roc_auc":0.4412776412776413,"train/loss":1.1191533921817154e-08,"_step":20,"_timestamp":1.7581751589276044e+09,"test/pr_auc":0.3617539754526975,"time_min":0.10841682800091804,"test/acc":0.25675675675675674}