{"train/loss":0.033181432634592056,"_timestamp":1.7581253912576733e+09,"test/pr_auc":0.44333679104110324,"test/acc":0.29184149184149183,"time_min":0.18871632505518696,"_step":20,"lr":1e-06,"test/roc_auc":0.4487179487179487,"epoch":20,"_wandb":{"runtime":241},"_runtime":241}