{"_runtime":650,"_step":50,"acc":0.27999999999999997,"kappa":0.09999999999999998,"f1":0.2796452466539881,"_timestamp":1.7564241705283494e+09,"_wandb":{"runtime":650}}