{"lr":1e-06,"val/roc_auc":1,"_timestamp":1.7580350510417116e+09,"val/acc":1,"val/pr_auc":1,"test/pr_auc":0.48005950954319976,"train/loss":0.0002415154449408874,"test/acc":0.5252631578947369,"_step":20,"time_min":0.1129023437310631,"_wandb":{"runtime":173},"_runtime":173,"test/roc_auc":0.5888888888888889,"epoch":20}