{"_runtime":651,"f1":0.28063200741533567,"_timestamp":1.7564346595505226e+09,"_step":50,"acc":0.2826666666666667,"kappa":0.10333333333333339,"_wandb":{"runtime":651}}