{"acc":0.248,"kappa":0.06000000000000005,"f1":0.24373030015665867,"_timestamp":1.756392200709656e+09,"_step":50,"_wandb":{"runtime":842},"_runtime":842}