{"train/loss":0.008538048714399338,"lr":0.00039715242044697195,"time_min":0.19246180216626574,"_timestamp":1.7581202421825206e+09,"_step":6,"_wandb":{"runtime":80},"_runtime":80.172277476,"epoch":6}