{"time_min":0.1245355371463423,"test/roc_auc":1,"epoch":20,"_step":20,"_wandb":{"runtime":223},"_timestamp":1.7581318706098204e+09,"test/acc":0.6754385964912281,"_runtime":223,"lr":1e-06,"train/loss":0.06512762606143951,"test/pr_auc":1.0000000000000002}