{"time_min":0.11815850541461259,"_step":20,"test/pr_auc":0.41785203270537197,"test/roc_auc":0.5564285714285715,"lr":1e-06,"epoch":20,"train/loss":0.0002787273842841387,"_timestamp":1.7582138408920858e+09,"test/acc":0.5533333333333333,"_runtime":159,"_wandb":{"runtime":159}}