{"_wandb":{"runtime":238},"epoch":20,"train/loss":0.06512762606143951,"_runtime":238,"_timestamp":1.758123655691639e+09,"test/pr_auc":0.9994001661078473,"test/roc_auc":0.9995321637426902,"_step":20,"lr":1e-06,"time_min":0.15774309838501116,"test/acc":0.6754385964912281}