{"time_min":0.21713970898805807,"_step":20,"epoch":20,"test/acc":0.5658561296859169,"_runtime":272,"val/roc_auc":1,"lr":1e-06,"val/acc":1,"_wandb":{"runtime":272},"_timestamp":1.7581142659236538e+09,"test/roc_auc":0.5700776764606552,"train/loss":1.2231330401846208e-05,"test/pr_auc":0.6285872622129727,"val/pr_auc":1}