{"val/roc_auc":0.523921333239178,"epoch":1,"val/acc":0.5021008403361344,"_timestamp":1.7576850067420943e+09,"train/loss":0.6204091906547546,"time_min":0.10291464586819833,"_wandb":{"runtime":10},"val/pr_auc":0.49239192826296796,"lr":9.990232305719946e-05,"_runtime":10.203195237,"_step":1}