{"val/acc":0.9916317991631799,"test/acc":0.42645687645687647,"_runtime":315,"val/roc_auc":0.9998249996022718,"_step":20,"_wandb":{"runtime":315},"time_min":0.24830939373932778,"val/pr_auc":0.9998108871634742,"_timestamp":1.758082676153772e+09,"epoch":20,"test/pr_auc":0.5142422111548803,"test/roc_auc":0.3995337995337995,"train/loss":0.06768660247325897,"lr":1e-06}