{"_step":50,"acc":0.4640000000000001,"kappa":0.32999999999999996,"_wandb":{"runtime":656},"_runtime":656,"f1":0.46487705079455477,"_timestamp":1.7564560499433842e+09}