{"_timestamp":1.758107278159274e+09,"val/acc":1,"time_min":0.25378170581534504,"val/roc_auc":1,"_step":20,"epoch":20,"train/loss":0.01414981484413147,"test/pr_auc":0.5139847206180377,"_wandb":{"runtime":323},"lr":1e-06,"val/pr_auc":1,"test/roc_auc":0.41433566433566427,"_runtime":323,"test/acc":0.41363636363636364}