{"train/loss":0.009272831492125988,"time_min":0.20325126275420188,"epoch":20,"val/acc":0.6666666666666666,"val/pr_auc":0.42588196957176794,"lr":1e-06,"test/roc_auc":0.9790365744870652,"test/pr_auc":0.9726169510199658,"_wandb":{"runtime":262},"_runtime":262,"_step":20,"_timestamp":1.7581025072386303e+09,"val/roc_auc":0.350484420005237,"test/acc":0.8389830508474576}