{"kappa":0.10333333333333339,"f1":0.2823895895346324,"_timestamp":1.7564077756082785e+09,"_step":50,"acc":0.2826666666666667,"_wandb":{"runtime":999},"_runtime":999}