{"time_min":0.0791121966477173,"val/pr_auc":0.7847699603246096,"lr":4.151919020049903e-05,"_timestamp":1.7576865153812265e+09,"train/loss":1.6513915397808887e-05,"val/roc_auc":0.797277734623261,"_runtime":193.1845364,"_step":38,"val/acc":0.703781512605042,"_wandb":{"runtime":193},"epoch":38}