{"_runtime":639,"acc":0.2,"kappa":0,"f1":0.06666666666666667,"_timestamp":1.7564398699735026e+09,"_step":49,"_wandb":{"runtime":639}}