{"_step":50,"acc":0.25599999999999995,"_wandb":{"runtime":654},"_runtime":654,"kappa":0.06999999999999995,"f1":0.2548636417866354,"_timestamp":1.756485018457698e+09}