{"_runtime":624,"time_min":0.19667178015224634,"test/pr_auc":0.5457277989684618,"_timestamp":1.7581196695381129e+09,"_step":50,"_wandb":{"runtime":624},"lr":1e-06,"epoch":50,"test/roc_auc":0.48018648018648025,"test/acc":0.29184149184149183,"train/loss":3.61388738383539e-05}