{"_runtime":149,"_timestamp":1.7581320223349433e+09,"_step":20,"test/acc":0.8557894736842105,"_wandb":{"runtime":149},"lr":1e-06,"time_min":0.12854126521851866,"epoch":20,"test/pr_auc":0.9088002224171456,"train/loss":0.024116504937410355,"test/roc_auc":0.9319298245614035}