{"epoch":20,"_runtime":37,"test/acc":0.5074557315936626,"train/loss":0.6046146154403687,"time_min":0.018946492540029187,"_wandb":{"runtime":37},"lr":1e-06,"test/roc_auc":0.4301025163094129,"_step":20,"test/pr_auc":0.3769388168800226,"_timestamp":1.7581823279305084e+09}