{"time_min":0.24243051936694732,"val/roc_auc":1,"_timestamp":1.7581136969523335e+09,"train/loss":0.003396551823243499,"test/acc":0.5,"test/pr_auc":0.6026639606733007,"_runtime":308,"test/roc_auc":0.47636039250669043,"_wandb":{"runtime":308},"val/acc":1,"epoch":20,"val/pr_auc":1,"lr":1e-06,"_step":20}