{"f1":0.3735169478483865,"_timestamp":1.756441164825334e+09,"_step":50,"acc":0.3746666666666666,"_wandb":{"runtime":645},"_runtime":645,"kappa":0.21833333333333338}