{"_timestamp":1.7563999594769115e+09,"_step":50,"_wandb":{"runtime":987},"_runtime":987,"acc":0.47733333333333333,"kappa":0.3466666666666667,"f1":0.47661378152107015}