{"_timestamp":1.7563909814249399e+09,"_step":50,"acc":0.2786666666666667,"_wandb":{"runtime":618},"_runtime":618,"kappa":0.09833333333333338,"f1":0.2768401490573041}