{"test/roc_auc":0.4174843889384478,"val/pr_auc":1,"val/acc":1,"time_min":0.24427021127194165,"val/roc_auc":1,"epoch":20,"_timestamp":1.7581133569376028e+09,"_runtime":301,"_wandb":{"runtime":301},"train/loss":0.0062360698357224464,"_step":20,"lr":1e-06,"test/acc":0.5,"test/pr_auc":0.47804499775722076}