{"_step":20,"_runtime":323,"val/roc_auc":1,"val/acc":1,"_wandb":{"runtime":323},"test/pr_auc":0.8685447537951698,"time_min":0.2536970501144727,"lr":1e-06,"epoch":20,"test/roc_auc":0.8405441570026762,"val/pr_auc":1,"test/acc":0.8389830508474576,"train/loss":0.004087915178388357,"_timestamp":1.7580990052586765e+09}