{"_step":9,"_timestamp":1.7576851458450544e+09,"epoch":9,"_runtime":46.620022481,"train/loss":0.04012293368577957,"time_min":0.07410819174644227,"_wandb":{"runtime":46},"lr":9.229423231234961e-05,"val/acc":0.5147058823529412,"val/pr_auc":0.5591416044274282,"val/roc_auc":0.5577995904244051}