{"_wandb":{"runtime":661},"_runtime":661,"acc":0.43199999999999994,"kappa":0.29000000000000004,"f1":0.4319387784013766,"_timestamp":1.7564916238115938e+09,"_step":50}