{"kappa":0,"f1":0.06666666666666667,"_timestamp":1.7564605300765085e+09,"_wandb":{"runtime":761},"_runtime":761,"_step":49,"acc":0.2}