{"test/acc":0.29184149184149183,"test/pr_auc":0.46146521072367885,"train/loss":0.0007566442945972085,"_step":20,"test/roc_auc":0.4312354312354312,"epoch":20,"_runtime":239,"lr":1e-06,"time_min":0.18947436686139554,"_wandb":{"runtime":239},"_timestamp":1.7581231647410417e+09}