{"time_min":0.0888333837967366,"_timestamp":1.7579253274563968e+09,"val/acc":0.5,"val/pr_auc":0.9956460956379354,"train/loss":0.5212014317512512,"_wandb":{"runtime":32},"_runtime":32.4876343,"val/roc_auc":0.9953704440237364,"epoch":3,"_step":3,"lr":0.000283705475366161}