{"_timestamp":1.7581234147788715e+09,"_step":20,"lr":1e-06,"time_min":0.1538751808150361,"test/acc":0.4929750223015165,"_runtime":237,"train/loss":0.02167884074151516,"test/pr_auc":0.6687485058205921,"test/roc_auc":0.614406779661017,"epoch":20,"_wandb":{"runtime":237}}