{"_wandb":{"runtime":250},"val/acc":1,"val/pr_auc":1,"test/roc_auc":0.5054469157026372,"_runtime":250,"_timestamp":1.7578293898877742e+09,"test/pr_auc":0.4363162154881963,"test/acc":0.4367441471771546,"epoch":20,"_step":20,"val/roc_auc":1,"lr":1e-06,"time_min":0.1826595043996349,"train/loss":0.00015437502588611096}