{"_runtime":643,"_timestamp":1.7564405165579114e+09,"_step":50,"acc":0.44800000000000006,"kappa":0.31000000000000005,"f1":0.4481060693861162,"_wandb":{"runtime":643}}