{"_step":20,"test/roc_auc":0.3761072261072261,"test/pr_auc":0.48440171647990987,"time_min":0.18923735504504294,"_timestamp":1.7581299755896451e+09,"train/loss":4.1124036215478554e-05,"lr":1e-06,"test/acc":0.42645687645687647,"_runtime":245,"_wandb":{"runtime":245},"epoch":20}