{"_wandb":{"runtime":161},"_runtime":161,"epoch":20,"lr":1e-06,"test/acc":0.5,"_step":20,"time_min":0.1264592255000025,"test/pr_auc":0.7730549922550289,"_timestamp":1.7581744486208313e+09,"train/loss":1.7759602997102775e-05,"test/roc_auc":0.6744444444444444}