{"train/loss":1.456636528018862e-05,"lr":1e-06,"test/acc":0.7052631578947368,"test/pr_auc":0.8095173524096528,"test/roc_auc":0.8276023391812865,"_step":50,"_wandb":{"runtime":632},"epoch":50,"_runtime":632,"_timestamp":1.7581178281862907e+09,"time_min":0.1993284772383049}