{"_timestamp":1.7564699307939115e+09,"_step":50,"_wandb":{"runtime":656},"_runtime":656,"acc":0.29999999999999993,"kappa":0.125,"f1":0.2961989601748283}