{"train/loss":2.6163802235856792e-09,"lr":1e-06,"_step":20,"_timestamp":1.7581717277899208e+09,"_runtime":115,"time_min":0.08834495168024054,"test/acc":0.5420147420147421,"test/roc_auc":0.6329238329238329,"_wandb":{"runtime":115},"epoch":20,"test/pr_auc":0.576578489838393}