{"kappa":0.2766666666666666,"f1":0.4209984566559272,"_timestamp":1.7564929594772499e+09,"_step":50,"_wandb":{"runtime":661},"_runtime":661,"acc":0.4213333333333333}