{"_timestamp":1.758128244488317e+09,"lr":1e-06,"test/roc_auc":0.7289044289044289,"time_min":0.12540735371100406,"train/loss":0.00028015917632728815,"test/pr_auc":0.5687647907791484,"epoch":20,"_step":20,"test/acc":0.6933566433566434,"_wandb":{"runtime":162},"_runtime":162}