{"val/roc_auc":1,"test/acc":0.6029213103681189,"test/pr_auc":0.5098876310782549,"_timestamp":1.7579967079530365e+09,"val/acc":1,"lr":1e-06,"test/roc_auc":0.4877152988855117,"_wandb":{"runtime":155},"val/pr_auc":1,"_step":20,"_runtime":155,"epoch":20,"time_min":0.11473595936937879,"train/loss":2.2362191884894855e-05}