{"test/acc":0.656140350877193,"lr":1e-06,"_step":20,"time_min":0.18896118504926562,"epoch":20,"train/loss":0.006882553920149803,"test/roc_auc":0.7738011695906433,"_runtime":243,"test/pr_auc":0.7443703332840619,"_wandb":{"runtime":243},"_timestamp":1.7581238929853044e+09}