{"time_min":0.09152767414537569,"_wandb":{"runtime":117},"lr":1e-06,"_step":20,"train/loss":6.395576929207891e-05,"_timestamp":1.7581654952044613e+09,"epoch":20,"test/pr_auc":0.8748682535830697,"test/roc_auc":0.855815637065637,"test/acc":0.8392857142857143,"_runtime":117}