{"_wandb":{"runtime":228},"_runtime":228,"_step":20,"test/pr_auc":0.5641072041177213,"val/pr_auc":0.9999999999999999,"lr":1e-06,"test/acc":0.47580645161290325,"epoch":20,"test/roc_auc":0.47492183902474494,"train/loss":0.00011849160364363343,"val/roc_auc":1,"_timestamp":1.7578354100421607e+09,"time_min":0.17881153180108716,"val/acc":1}