{"epoch":4,"val/acc":0.8642857142857143,"_wandb":{"runtime":58},"train/loss":0.4513094127178192,"_runtime":58.877875478,"val/roc_auc":0.8867167919799499,"lr":0.0002714480406590549,"time_min":0.2028211223660037,"_timestamp":1.758102564214056e+09,"_step":4,"val/pr_auc":0.9240006778102576}