{"val/roc_auc":1,"_wandb":{"runtime":182},"lr":1e-06,"train/loss":0.001493294257670641,"test/roc_auc":0.45651204281891167,"test/acc":0.5,"time_min":0.2456119786792745,"_step":20,"epoch":20,"val/pr_auc":1,"val/acc":1,"_runtime":182,"_timestamp":1.7580883795828137e+09,"test/pr_auc":0.425347885925775}