{"test/acc":0.75,"test/roc_auc":0.9845735027223231,"test/pr_auc":0.9816493531868505,"epoch":20,"lr":1e-06,"_wandb":{"runtime":115},"_timestamp":1.7581716101421206e+09,"_step":20,"train/loss":4.602452918334166e-06,"_runtime":115,"time_min":0.08969036418323716}