{"_runtime":163.156701808,"_step":10,"val/pr_auc":0.8845847875592099,"val/roc_auc":0.8784224509601157,"time_min":0.24833045818377286,"_timestamp":1.7580828754735959e+09,"epoch":10,"train/loss":0.17732934653759003,"lr":0.0005004999999999994,"_wandb":{"runtime":163},"val/acc":0.5}