{"lr":1e-06,"time_min":0.18250414338738968,"test/pr_auc":0.5527694537536697,"test/acc":0.29184149184149183,"_timestamp":1.7581225165997322e+09,"_step":20,"epoch":20,"_wandb":{"runtime":235},"_runtime":235,"test/roc_auc":0.4834498834498834,"train/loss":0.00834755040705204}