{"val/roc_auc":0.9040975746661367,"_runtime":22.060007607,"time_min":0.27133808258610465,"epoch":1,"_wandb":{"runtime":22},"train/loss":0.6240658164024353,"val/acc":0.8103737399724023,"lr":0.00029815940691897306,"_timestamp":1.7578260008949428e+09,"_step":1,"val/pr_auc":0.9172225499670061}