{"_wandb":{"runtime":150},"_step":20,"val/acc":1,"lr":1e-06,"test/pr_auc":0.425347885925775,"test/acc":0.5,"train/loss":0.001493294257670641,"test/roc_auc":0.45651204281891167,"val/pr_auc":1,"_runtime":150,"val/roc_auc":1,"time_min":0.08211652121972293,"_timestamp":1.7580833845084634e+09,"epoch":20}