{"_timestamp":1.7564745159276156e+09,"_wandb":{"runtime":652},"_runtime":652,"_step":50,"acc":0.45999999999999996,"kappa":0.32499999999999996,"f1":0.4591048983147725}