{"_timestamp":1.7578294908876913e+09,"train/loss":0.5665149092674255,"val/acc":0.8560716155745693,"_runtime":18.498189823,"val/pr_auc":0.9198680562386405,"lr":0.0002981594069189729,"_step":1,"_wandb":{"runtime":18},"epoch":1,"val/roc_auc":0.9282546779428011,"time_min":0.25128233853417137}