{"_step":20,"train/loss":4.713575981440954e-05,"test/roc_auc":0.5056555863342567,"_runtime":72,"lr":1e-06,"epoch":20,"_timestamp":1.7582092936428897e+09,"time_min":0.054668298666365446,"test/pr_auc":0.3897045953881495,"_wandb":{"runtime":72},"test/acc":0.42543859649122806}