{"_timestamp":1.757690612594788e+09,"_wandb":{"runtime":77},"_runtime":77.469425856,"val/acc":0.767313909738897,"time_min":0.0798972697967353,"val/pr_auc":0.856458466212257,"val/roc_auc":0.8429222362972907,"train/loss":0.002591370139271021,"epoch":14,"_step":14,"lr":0.00024579488646742857}