{"test/acc":0.5,"test/roc_auc":0.3865176151761518,"epoch":20,"lr":1e-06,"_timestamp":1.7582089150224512e+09,"_step":20,"train/loss":2.861477923943312e-06,"time_min":0.05359168021629254,"_wandb":{"runtime":69},"test/pr_auc":0.46632158508668103,"_runtime":69}