{"_wandb":{"runtime":652},"_runtime":652,"acc":0.44799999999999995,"kappa":0.31000000000000005,"f1":0.4474564572361283,"_timestamp":1.7564712424164972e+09,"_step":50}