{"lr":0.0001271130474764855,"time_min":0.05446900671813637,"_timestamp":1.758209473982888e+09,"_step":11,"_wandb":{"runtime":45},"_runtime":45.384520451,"epoch":11,"train/loss":2.375084932282334e-06}