{"lr":0.0004955806690568078,"time_min":0.12868047760178644,"_timestamp":1.7581766000945368e+09,"_step":3,"epoch":3,"train/loss":0.5882868766784668,"_wandb":{"runtime":29},"_runtime":29.779679097}