{"_timestamp":1.758175495523889e+09,"_wandb":{"runtime":166},"epoch":20,"time_min":0.11214750194922089,"test/acc":0.5,"train/loss":4.5755363942134863e-08,"test/roc_auc":0.3566450372506609,"test/pr_auc":0.3406054062030669,"_runtime":166,"lr":1e-06,"_step":20}