{"train/loss":0.17227014899253845,"lr":1e-06,"test/pr_auc":0.46736164318712137,"_wandb":{"runtime":49},"test/acc":0.5186393289841567,"epoch":20,"time_min":0.03491641355212778,"_step":20,"test/roc_auc":0.3793103448275862,"_runtime":49,"_timestamp":1.7582070116689627e+09}