{"kappa":0.09499999999999997,"f1":0.2727209766676143,"_timestamp":1.7564107826936555e+09,"_step":50,"_wandb":{"runtime":996},"_runtime":996,"acc":0.276}