{"test/pr_auc":0.6565531918925459,"_runtime":135,"epoch":20,"test/acc":0.5200945626477541,"time_min":0.1054699203853185,"test/roc_auc":0.6282505910165485,"_wandb":{"runtime":135},"_timestamp":1.7581209920907054e+09,"_step":20,"train/loss":3.0279510610853322e-05,"lr":1e-06}