{"_timestamp":1.758127047919414e+09,"epoch":20,"test/pr_auc":0.6356785370954168,"_wandb":{"runtime":244},"_step":20,"test/acc":0.6649184149184149,"train/loss":0.00024841632694005966,"lr":1e-06,"time_min":0.1880042780811588,"test/roc_auc":0.7324009324009324,"_runtime":244}