{"_step":49,"acc":0.2,"_wandb":{"runtime":995},"_runtime":995,"kappa":0,"f1":0.06666666666666667,"_timestamp":1.7564137893408506e+09}