{"lr":1e-06,"test/roc_auc":0.914047619047619,"test/pr_auc":0.8978271540243239,"epoch":20,"_runtime":74,"_wandb":{"runtime":74},"time_min":0.056844350416213274,"_timestamp":1.7582107747067184e+09,"test/acc":0.8733333333333333,"_step":20,"train/loss":3.713803380378522e-05}