{"_step":20,"test/roc_auc":0.447719298245614,"epoch":20,"lr":1e-06,"_wandb":{"runtime":252},"_runtime":252,"train/loss":0.16826365888118744,"time_min":0.1901444104500115,"_timestamp":1.7581220027864046e+09,"test/acc":0.5,"test/pr_auc":0.5262783961121259}