{"train/loss":3.6341525628813542e-06,"_wandb":{"runtime":633},"time_min":0.1701823647832498,"epoch":50,"test/roc_auc":0.33240093240093244,"_runtime":633,"_timestamp":1.7581159580268533e+09,"test/pr_auc":0.4771566888874399,"_step":50,"test/acc":0.29184149184149183,"lr":1e-06}