{"_wandb":{"runtime":978},"_runtime":978,"_timestamp":1.756396996660582e+09,"_step":50,"acc":0.2533333333333333,"kappa":0.06666666666666665,"f1":0.25110426904477595}