{"_runtime":249,"val/roc_auc":0.9870159981451426,"test/pr_auc":1.0000000000000002,"time_min":0.163368281077904,"_timestamp":1.757929397292924e+09,"_wandb":{"runtime":249},"val/acc":0.8700440528634361,"test/acc":1,"_step":20,"test/roc_auc":1,"epoch":20,"train/loss":0.02359004132449627,"val/pr_auc":0.9876695112689975,"lr":1e-06}