{"kappa":0.11166666666666669,"f1":0.283929187686443,"_timestamp":1.7564738607983484e+09,"_step":50,"_wandb":{"runtime":651},"_runtime":651,"acc":0.28933333333333333}