{"_runtime":142,"lr":1e-06,"time_min":0.11171265447046608,"_step":20,"epoch":20,"train/loss":3.1297054192691576e-06,"test/acc":0.5811290322580644,"test/pr_auc":0.7537485140218678,"_wandb":{"runtime":142},"_timestamp":1.758175626196499e+09,"test/roc_auc":0.6950403225806452}