{"time_min":0.09116216963157057,"test/acc":0.8392857142857143,"test/roc_auc":0.8771718146718146,"_wandb":{"runtime":117},"test/pr_auc":0.8801548246286872,"_runtime":117,"_timestamp":1.758164528926893e+09,"epoch":20,"_step":20,"train/loss":0.050114694982767105,"lr":1e-06}