{"test/acc":0.49333333333333335,"_wandb":{"runtime":43},"train/loss":0.17235136032104492,"test/roc_auc":0.563111111111111,"epoch":20,"test/pr_auc":0.45549283094115967,"time_min":0.03379219430498779,"_runtime":43,"lr":1e-06,"_timestamp":1.7582069594539797e+09,"_step":20}