{"kappa":0,"f1":0.06674082313681869,"_wandb":{"runtime":656},"_runtime":656,"_timestamp":1.756463366611246e+09,"_step":50,"acc":0.2}