{"train/loss":0.013841292820870876,"val/roc_auc":1,"epoch":20,"lr":1e-06,"test/acc":0.41363636363636364,"_runtime":231,"_timestamp":1.7579288688485548e+09,"val/acc":1,"test/roc_auc":0.3666666666666667,"_wandb":{"runtime":231},"val/pr_auc":1,"test/pr_auc":0.4458602586883129,"time_min":0.16747467515524478,"_step":20}