{"train/loss":8.433024777332321e-05,"lr":1e-06,"test/roc_auc":0.8224561403508772,"_step":50,"_runtime":632,"epoch":50,"test/pr_auc":0.7782226823251431,"time_min":0.17104973213281482,"_timestamp":1.758117839228367e+09,"test/acc":0.7154385964912281,"_wandb":{"runtime":632}}