{"_runtime":649,"acc":0.45999999999999996,"kappa":0.32499999999999996,"f1":0.46031579658632055,"_timestamp":1.7564764787537072e+09,"_step":50,"_wandb":{"runtime":649}}