{"_step":8,"epoch":8,"train/loss":0.701590359210968,"lr":0.00019669804065905458,"_wandb":{"runtime":90},"_runtime":90.407494819,"time_min":0.1912309046369046,"_timestamp":1.7581267658848495e+09}