{"train/loss":0.02167884074151516,"test/pr_auc":0.8968741524146028,"_wandb":{"runtime":215},"_runtime":215,"_step":20,"_timestamp":1.7581316444156427e+09,"lr":1e-06,"test/acc":0.6864406779661016,"time_min":0.1810424043641736,"test/roc_auc":0.8940677966101696,"epoch":20}