{"_timestamp":1.7581807813387926e+09,"_step":5,"_wandb":{"runtime":28},"_runtime":28.178126978,"epoch":5,"train/loss":0.688559889793396,"lr":9.779754323328192e-06,"time_min":0.05940043781884015}