{"test/acc":0.5,"val/acc":0.9758771929824561,"val/pr_auc":1,"lr":1e-06,"time_min":0.1485728566069156,"test/roc_auc":0.43710972346119537,"_runtime":177,"_step":20,"val/roc_auc":1,"_timestamp":1.7579970948174899e+09,"_wandb":{"runtime":177},"epoch":20,"test/pr_auc":0.38098342770139587,"train/loss":0.0001764903136063367}