{"val/acc":0.5,"_runtime":37.170064503,"_timestamp":1.758087619630154e+09,"val/roc_auc":0.6805836176343943,"_wandb":{"runtime":37},"train/loss":0.6919560432434082,"lr":9.75772975566101e-05,"time_min":0.2482687799880902,"epoch":2,"_step":2,"val/pr_auc":0.6159989985323874}