{"test/acc":0.6754385964912281,"_runtime":240,"epoch":20,"train/loss":0.06512762606143951,"test/pr_auc":0.9994001661078473,"test/roc_auc":0.9995321637426902,"lr":1e-06,"_wandb":{"runtime":240},"_step":20,"time_min":0.1855939891344557,"_timestamp":1.7581304655193446e+09}