{"epoch":20,"val/roc_auc":0.9870159981451426,"_timestamp":1.7579982904138958e+09,"test/acc":1,"val/pr_auc":0.9876695112689975,"train/loss":0.02359004132449627,"lr":1e-06,"val/acc":0.8700440528634361,"test/pr_auc":1.0000000000000002,"_wandb":{"runtime":174},"time_min":0.11721034096553921,"_step":20,"test/roc_auc":1,"_runtime":174}