{"_step":50,"acc":0.28933333333333333,"kappa":0.11166666666666669,"_wandb":{"runtime":650},"_runtime":650,"f1":0.2857767456290982,"_timestamp":1.7564326971086843e+09}