{"time_min":0.15558645667042584,"epoch":7,"_runtime":82.228192214,"train/loss":0.052611250430345535,"lr":0.00021837157971106257,"val/pr_auc":1,"_wandb":{"runtime":82},"val/acc":0.9943396226415094,"_step":7,"val/roc_auc":1,"_timestamp":1.758114879941525e+09}