{"lr":1e-06,"_timestamp":1.7581726527235687e+09,"epoch":20,"time_min":0.07536834120595207,"test/pr_auc":0.5269091645621519,"test/acc":0.5203225806451613,"_step":20,"_wandb":{"runtime":102},"_runtime":102,"test/roc_auc":0.4233467741935484,"train/loss":4.734731646749424e-06}