{"_wandb":{"runtime":656},"_runtime":656,"_step":50,"acc":0.4986666666666667,"kappa":0.3733333333333333,"f1":0.4968254533441213,"_timestamp":1.7564856769889264e+09}