{"test/roc_auc":0.4275058275058275,"epoch":20,"_runtime":162,"_wandb":{"runtime":162},"train/loss":0.00025436075520701706,"_timestamp":1.7581260478513033e+09,"_step":20,"time_min":0.12599448930316914,"test/acc":0.29184149184149183,"lr":1e-06,"test/pr_auc":0.4615003931394728}