{"_step":50,"acc":0.4613333333333333,"kappa":0.32666666666666666,"f1":0.46083050174042023,"_wandb":{"runtime":649},"_runtime":649,"_timestamp":1.7564294005342717e+09}