{"lr":1e-06,"_timestamp":1.7582132176807132e+09,"test/roc_auc":0.545582896329165,"train/loss":4.8662277549738064e-05,"_step":20,"_runtime":134,"epoch":20,"test/pr_auc":0.47102916194572875,"_wandb":{"runtime":134},"time_min":0.062193641198488574,"test/acc":0.4693424768051634}