{"time_min":0.18864285082090645,"_timestamp":1.7581201818287272e+09,"test/pr_auc":0.5012753494586035,"_wandb":{"runtime":252},"epoch":20,"train/loss":0.0006253877654671669,"test/roc_auc":0.3813519813519814,"_runtime":252,"_step":20,"lr":1e-06,"test/acc":0.29184149184149183}