{"test/acc":0.38213441404930765,"time_min":0.1212513267295435,"test/pr_auc":0.5073756530975142,"epoch":20,"train/loss":0.00022210668248590082,"_runtime":209,"_step":20,"lr":1e-06,"_timestamp":1.7581241129988258e+09,"test/roc_auc":0.5026173590003378,"_wandb":{"runtime":209}}