{"_wandb":{"runtime":49},"test/roc_auc":0.6111369990680335,"_timestamp":1.7582070289575171e+09,"test/acc":0.5335507921714818,"_runtime":49,"epoch":20,"time_min":0.035131710371933876,"_step":20,"train/loss":0.1616820991039276,"lr":1e-06,"test/pr_auc":0.6277991253551545}