{"_step":20,"_timestamp":1.75820868248825e+09,"test/roc_auc":0.8140726933830382,"lr":1e-06,"time_min":0.05637118291730682,"train/loss":1.2623480870388448e-05,"test/acc":0.7059645852749301,"epoch":20,"test/pr_auc":0.6958026395381904,"_wandb":{"runtime":72},"_runtime":72}