{"val/pr_auc":0.9930300064586097,"_timestamp":1.7581115466160164e+09,"val/roc_auc":0.993875313283208,"lr":1e-06,"test/pr_auc":0.7034530505791998,"_step":20,"train/loss":0.07155927270650864,"val/acc":0.9624060150375939,"test/roc_auc":0.8135672514619883,"_runtime":327,"epoch":20,"test/acc":0.8733333333333333,"time_min":0.25934502799840026,"_wandb":{"runtime":327}}