{"time_min":0.12773390215200683,"_runtime":162,"_step":20,"lr":1e-06,"train/loss":8.171647323251818e-07,"test/roc_auc":0.6759301270417423,"test/acc":0.6163793103448276,"_timestamp":1.7581741184401195e+09,"epoch":20,"_wandb":{"runtime":162},"test/pr_auc":0.6305170613802008}