{"test/roc_auc":0.572983870967742,"_wandb":{"runtime":130},"_timestamp":1.7581747469047503e+09,"_runtime":130,"train/loss":1.4555507732438855e-06,"_step":20,"epoch":20,"test/pr_auc":0.5799854539919387,"test/acc":0.5953225806451613,"lr":1e-06,"time_min":0.0554310996318236}