{"train/loss":0.01414981484413147,"lr":1e-06,"_runtime":222,"test/pr_auc":0.5139847206180377,"val/pr_auc":1,"val/roc_auc":1,"_timestamp":1.7581107478485186e+09,"test/acc":0.41363636363636364,"_wandb":{"runtime":222},"time_min":0.16610543558684487,"test/roc_auc":0.41433566433566427,"_step":20,"val/acc":1,"epoch":20}