{"lr":0.00017851350653056615,"_step":22,"val/pr_auc":0.4372574942108294,"val/roc_auc":0.3857954946684556,"_runtime":116.212683633,"train/loss":0.003585884580388665,"val/acc":0.38865546218487396,"_wandb":{"runtime":116},"_timestamp":1.7576866550401075e+09,"time_min":0.0785121372474047,"epoch":22}