{"test/roc_auc":0.5574638429752067,"test/pr_auc":0.5308856962924204,"time_min":0.08058068423221508,"epoch":20,"train/loss":3.68031442121719e-06,"_wandb":{"runtime":103},"_runtime":103,"test/acc":0.6075241046831956,"_timestamp":1.758169473782344e+09,"lr":1e-06,"_step":20}