{"f1":0.26621841631678334,"_timestamp":1.756453115674085e+09,"_step":50,"acc":0.2666666666666667,"_wandb":{"runtime":776},"_runtime":776,"kappa":0.08333333333333337}