{"time_min":0.12563936879547935,"train/loss":0.00834755040705204,"test/roc_auc":0.4834498834498834,"test/acc":0.29184149184149183,"epoch":20,"_wandb":{"runtime":161},"_timestamp":1.7581257575580337e+09,"_step":20,"lr":1e-06,"test/pr_auc":0.5527694537536697,"_runtime":161}