{"val/acc":0.7016290726817043,"_timestamp":1.7578370648728962e+09,"lr":0.00029815940691897306,"_step":1,"_wandb":{"runtime":12},"epoch":1,"train/loss":0.6844452619552612,"_runtime":12.208103601,"time_min":0.1659504502856483,"val/roc_auc":0.8686090225563909,"val/pr_auc":0.8716949723781495}