{"train/loss":0.0021295789629220963,"lr":0.0002895303990275374,"_wandb":{"runtime":113},"_runtime":113.69479394,"time_min":0.1867592790707325,"_timestamp":1.758122624650125e+09,"_step":9,"epoch":9}