{"kappa":0.28833333333333333,"f1":0.4298927186264832,"_timestamp":1.7564863366402779e+09,"_wandb":{"runtime":656},"_runtime":656,"_step":50,"acc":0.43066666666666664}