{"_runtime":652,"_timestamp":1.7564567048127167e+09,"_step":50,"acc":0.4880000000000001,"kappa":0.36,"f1":0.48856583167673817,"_wandb":{"runtime":652}}