{"epoch":1,"_step":1,"train/loss":0.46449628472328186,"val/pr_auc":0.9541216870712652,"lr":0.000298159406918973,"_runtime":34.466916097,"val/roc_auc":0.9617576627648644,"_wandb":{"runtime":34},"time_min":0.4897477002659192,"_timestamp":1.7578297137491415e+09,"val/acc":0.8847668051339694}