{"time_min":0.11296743017931779,"test/roc_auc":0.5292741935483871,"test/acc":0.5598387096774193,"train/loss":5.371178501967222e-11,"test/pr_auc":0.6805481394504205,"epoch":20,"_timestamp":1.7581747312352474e+09,"_step":20,"_wandb":{"runtime":143},"lr":1e-06,"_runtime":143}