{"test/roc_auc":0.8368421052631578,"test/pr_auc":0.6739238256145372,"_step":20,"train/loss":0.034003593027591705,"val/acc":0.9918703007518797,"lr":1e-06,"time_min":0.15234110586655636,"val/roc_auc":0.999796365914787,"_timestamp":1.7579974592551372e+09,"_wandb":{"runtime":181},"_runtime":181,"val/pr_auc":0.9997756872935505,"epoch":20,"test/acc":0.8557894736842105}