{"kappa":0.32666666666666666,"f1":0.4607530192691551,"_wandb":{"runtime":733},"_runtime":733,"_timestamp":1.7564620489029603e+09,"_step":50,"acc":0.4613333333333333}