{"_step":3,"_timestamp":1.7581104692517662e+09,"time_min":0.15287680112135907,"val/pr_auc":1,"train/loss":0.01766038127243519,"_wandb":{"runtime":35},"val/acc":1,"_runtime":35.833938073,"lr":0.00047280612778499747,"epoch":3,"val/roc_auc":1}