{"_step":20,"_runtime":163,"_wandb":{"runtime":163},"_timestamp":1.7581742844034705e+09,"epoch":20,"test/acc":0.5783783783783785,"train/loss":2.0149799695445836e-07,"test/roc_auc":0.7594594594594595,"test/pr_auc":0.5428543633066001,"time_min":0.12930616086814553,"lr":1e-06}