{"test/pr_auc":0.8354024830036746,"test/acc":0.7347427476737822,"_runtime":258,"val/roc_auc":0.5296324412117788,"val/pr_auc":0.5509203363123927,"time_min":0.08484669155053173,"_timestamp":1.7576831679633098e+09,"_wandb":{"runtime":258},"val/acc":0.5273109243697479,"test/roc_auc":0.8412540524609491,"epoch":50,"train/loss":4.0845046896720305e-05,"lr":1e-06,"_step":50}