{"train/loss":4.932532647217158e-06,"lr":4.865025990345068e-05,"time_min":0.06497305488058676,"_timestamp":1.7581206281635568e+09,"_wandb":{"runtime":318},"_runtime":318.515650385,"_step":16,"epoch":16}