{"_runtime":122.788008735,"train/loss":0.07829517126083374,"lr":4.4787536212611134e-05,"time_min":0.12152842820311587,"_timestamp":1.758124546087217e+09,"_step":15,"epoch":15,"_wandb":{"runtime":122}}