{"test/acc":0.8245614035087719,"_wandb":{"runtime":309},"test/roc_auc":0.7756725146198831,"_step":20,"time_min":0.24128646356208872,"train/loss":0.00814485177397728,"val/roc_auc":1,"val/pr_auc":1,"lr":1e-06,"test/pr_auc":0.8251293117376309,"_runtime":309,"_timestamp":1.7581136692350006e+09,"val/acc":1,"epoch":20}