{"train/loss":0.6934337019920349,"lr":0.0002926829491861254,"time_min":0.12325558722950518,"_timestamp":1.758124871934056e+09,"_step":2,"_wandb":{"runtime":23},"_runtime":23.548706195,"epoch":2}