{"test/roc_auc":0.7518148820326678,"lr":1e-06,"time_min":0.11058111577294767,"test/pr_auc":0.5421855690727202,"_runtime":130,"epoch":20,"_wandb":{"runtime":130},"_timestamp":1.7581732178125048e+09,"test/acc":0.75,"train/loss":1.3585749911726452e-06,"_step":20}