{"test/pr_auc":0.4335252398424778,"train/loss":1.1864121063354105e-07,"epoch":20,"test/acc":0.5169430425378514,"time_min":0.12911298687104136,"_step":20,"_timestamp":1.7581754809583158e+09,"_wandb":{"runtime":163},"lr":1e-06,"test/roc_auc":0.4724825763037731,"_runtime":163}