{"test/roc_auc":0.7349194905070897,"_runtime":163,"time_min":0.129704711966527,"_step":20,"epoch":20,"train/loss":0.00010642198321875185,"test/pr_auc":0.7709095774685657,"test/acc":0.5350877192982456,"_wandb":{"runtime":163},"lr":1e-06,"_timestamp":1.7581737281509495e+09}