{"test/pr_auc":0.5346051143304823,"train/loss":0.0801856592297554,"_timestamp":1.758124831467232e+09,"test/roc_auc":0.4762237762237762,"_wandb":{"runtime":237},"lr":1e-06,"time_min":0.18290725706610828,"test/acc":0.29184149184149183,"_runtime":237,"_step":20,"epoch":20}