{"test/roc_auc":0.5973809523809523,"test/pr_auc":0.49046034018373325,"time_min":0.09740950773314884,"test/acc":0.5505952380952381,"_runtime":170,"_step":20,"train/loss":0.00018360765534453094,"lr":1e-06,"epoch":20,"_wandb":{"runtime":170},"_timestamp":1.7582141900012624e+09}