{"lr":1e-06,"train/loss":4.713575981440954e-05,"test/acc":0.42543859649122806,"time_min":0.06154057919823875,"test/pr_auc":0.3897045953881495,"test/roc_auc":0.5056555863342567,"_wandb":{"runtime":79},"_runtime":79,"epoch":20,"_timestamp":1.7582088430630028e+09,"_step":20}