{"test/pr_auc":0.7744440317647967,"lr":1e-06,"_runtime":73,"train/loss":0.005636144895106554,"test/roc_auc":0.792,"_step":20,"test/acc":0.7466666666666667,"_wandb":{"runtime":73},"time_min":0.055323058747065564,"_timestamp":1.7582086069962313e+09,"epoch":20}