{"_timestamp":1.7564418138220112e+09,"_step":50,"_wandb":{"runtime":646},"_runtime":646,"acc":0.42266666666666663,"kappa":0.2783333333333333,"f1":0.4219629033361064}