{"test/roc_auc":0.6339531680440771,"_timestamp":1.758166381188636e+09,"test/acc":0.6324466253443526,"test/pr_auc":0.6054503742375135,"time_min":0.07938089889939874,"epoch":20,"_step":20,"_wandb":{"runtime":106},"_runtime":106,"lr":1e-06,"train/loss":6.833619750068465e-07}