{"test/acc":0.28096745027124775,"_wandb":{"runtime":116},"train/loss":8.562539619560994e-07,"_runtime":116,"time_min":0.08901957156291852,"test/roc_auc":0.31080470162748647,"_step":20,"lr":1e-06,"_timestamp":1.7581692424465444e+09,"test/pr_auc":0.3009644822292944,"epoch":20}