{"_step":1,"acc":0.23466666666666666,"kappa":0.043333333333333335,"f1":0.22197422468309919,"_timestamp":1.7563959374788527e+09,"_wandb":{"runtime":39},"_runtime":39}