{"_runtime":228,"train/loss":0.0005527412868104875,"epoch":20,"test/acc":0.29184149184149183,"test/pr_auc":0.3322128855699735,"_timestamp":1.7581206192725663e+09,"_step":20,"test/roc_auc":0.30174825174825176,"lr":1e-06,"time_min":0.19641425896746417,"_wandb":{"runtime":228}}