{"_timestamp":1.75649029729572e+09,"_step":50,"_wandb":{"runtime":650},"_runtime":650,"acc":0.22533333333333333,"kappa":0.03166666666666662,"f1":0.1260312520826841}