{"time_min":0.07376877751667052,"train/loss":8.054421414271928e-06,"epoch":50,"_timestamp":1.757684593395249e+09,"val/acc":0.5273109243697479,"_runtime":237,"lr":1e-06,"val/roc_auc":0.5225619659628558,"test/acc":0.7184802745147573,"_wandb":{"runtime":237},"_step":50,"test/roc_auc":0.7903509325923119,"val/pr_auc":0.542017006249776,"test/pr_auc":0.7526526360390939}