{"_timestamp":1.7564468849429736e+09,"_step":50,"acc":0.44000000000000006,"kappa":0.30000000000000004,"f1":0.44078347932458156,"_wandb":{"runtime":776},"_runtime":776}