{"test/pr_auc":0.5337497110605738,"_timestamp":1.7581307129530942e+09,"_step":20,"test/acc":0.7301754385964911,"time_min":0.1891683799525102,"epoch":20,"_wandb":{"runtime":245},"train/loss":0.024116504937410355,"lr":1e-06,"_runtime":245,"test/roc_auc":0.6898245614035087}