{"val/pr_auc":0.8216728070828938,"_step":50,"train/loss":4.331590844230959e-06,"_timestamp":1.7576854130016217e+09,"test/acc":0.5369458128078818,"_runtime":249,"time_min":0.07874881788156926,"epoch":50,"lr":1e-06,"test/roc_auc":0.5899304239821481,"_wandb":{"runtime":249},"val/acc":0.73109243697479,"val/roc_auc":0.8108978885671916,"test/pr_auc":0.6267333602416578}