{"lr":0.00028950158464029354,"_step":6,"_runtime":33.456879765,"val/pr_auc":0.7102223303186207,"train/loss":0.01403779536485672,"val/acc":0.615546218487395,"time_min":0.07452766318262244,"val/roc_auc":0.7369182967304568,"_wandb":{"runtime":33},"epoch":6,"_timestamp":1.7576878518048055e+09}