{"_runtime":983,"acc":0.2733333333333333,"kappa":0.09166666666666667,"f1":0.26869814098672384,"_timestamp":1.7563979830745687e+09,"_step":50,"_wandb":{"runtime":983}}