{"_wandb":{"runtime":72},"test/acc":0.4649932765575975,"_runtime":72,"_step":20,"test/roc_auc":0.45419094576423136,"lr":1e-06,"epoch":20,"train/loss":0.02913018688559532,"test/pr_auc":0.5611456351959019,"time_min":0.05520028655106823,"_timestamp":1.7582154665348263e+09}