{"f1":0.46274552370334654,"_wandb":{"runtime":656},"_runtime":656,"_timestamp":1.7564679540702105e+09,"_step":50,"acc":0.46266666666666667,"kappa":0.32833333333333337}