{"time_min":0.19358824556693435,"_timestamp":1.7581215590087764e+09,"_wandb":{"runtime":17},"_runtime":17.934976778,"_step":1,"epoch":1,"train/loss":0.7038137912750244,"lr":0.0004969282409784867}