{"test/roc_auc":0.7552177858439201,"_step":50,"lr":1e-06,"_timestamp":1.758177179121765e+09,"test/pr_auc":0.5444715250564484,"epoch":50,"_wandb":{"runtime":411},"train/loss":8.486966180498712e-06,"test/acc":0.7974137931034483,"time_min":0.11377460151755561,"_runtime":411}