{"train/loss":0.1279882937669754,"lr":0.00042692314190604324,"_wandb":{"runtime":66},"_runtime":66.16708916,"time_min":0.18661283945354323,"_timestamp":1.7581226328037322e+09,"_step":5,"epoch":5}