{"test/pr_auc":0.7437811658475826,"epoch":20,"_step":20,"test/roc_auc":0.6669199594731511,"_wandb":{"runtime":142},"_runtime":142,"train/loss":0.00018137732695322484,"time_min":0.11040237854855756,"lr":1e-06,"_timestamp":1.758128876522129e+09,"test/acc":0.6339074636946977}