{"lr":1e-06,"epoch":20,"test/pr_auc":0.8332299249141367,"test/roc_auc":0.7722007722007722,"time_min":0.08960136290018757,"_wandb":{"runtime":123},"_runtime":123,"test/acc":0.8392857142857143,"_timestamp":1.758166271920958e+09,"_step":20,"train/loss":1.4586959878215566e-05}