{"test/acc":0.5124078624078624,"test/roc_auc":0.5093366093366094,"train/loss":0.003703803988173604,"test/pr_auc":0.40147042031736424,"_wandb":{"runtime":218},"_step":50,"lr":1e-06,"time_min":0.060849858649695915,"_runtime":218,"_timestamp":1.7581810180881147e+09,"epoch":50}