{"time_min":0.09055083551599334,"_runtime":113,"lr":1e-06,"_step":20,"test/pr_auc":0.5769313147559385,"test/roc_auc":0.5146666666666666,"train/loss":5.766395133832702e-06,"_timestamp":1.7581724289140022e+09,"_wandb":{"runtime":113},"epoch":20,"test/acc":0.5316666666666667}