{"test/roc_auc":0.524085637823372,"_timestamp":1.7580315716631222e+09,"_runtime":177,"_step":20,"test/acc":0.5,"time_min":0.11690711295232177,"epoch":20,"_wandb":{"runtime":177},"val/pr_auc":1,"train/loss":1.3560644219978712e-05,"test/pr_auc":0.44655149856011817,"lr":1e-06,"val/acc":1,"val/roc_auc":1}