{"val/acc":0.5273109243697479,"epoch":50,"test/pr_auc":0.8354024830036746,"lr":1e-06,"time_min":0.08394695431925356,"test/roc_auc":0.8412540524609491,"val/pr_auc":0.5509203363123927,"_timestamp":1.7576848962648525e+09,"_step":50,"_wandb":{"runtime":257},"val/roc_auc":0.5296324412117788,"_runtime":257,"train/loss":4.0845046896720305e-05,"test/acc":0.7347427476737822}