{"acc":0.4373333333333333,"kappa":0.29666666666666663,"f1":0.4370873808542148,"_wandb":{"runtime":656},"_runtime":656,"_timestamp":1.7564692712180412e+09,"_step":50}