{"_step":50,"_wandb":{"runtime":612},"_runtime":612,"acc":0.23866666666666667,"kappa":0.04833333333333334,"f1":0.22963278597495976,"_timestamp":1.7564228660524325e+09}