{"time_min":0.1274321373164033,"_timestamp":1.7582129124437659e+09,"test/roc_auc":0.7512987012987014,"test/pr_auc":0.686832259110554,"_wandb":{"runtime":165},"_runtime":165,"_step":20,"epoch":20,"train/loss":0.693527102470398,"lr":1e-06,"test/acc":0.5}