{"lr":1e-06,"val/pr_auc":1,"epoch":20,"_step":20,"test/acc":0.5161263086795002,"test/roc_auc":0.6238179669030732,"_runtime":141,"_timestamp":1.7579958980245535e+09,"_wandb":{"runtime":141},"val/acc":1,"val/roc_auc":1,"time_min":0.07444682446463655,"train/loss":0.023623142391443253,"test/pr_auc":0.5787299638489068}