{"_wandb":{"runtime":226},"_step":20,"time_min":0.1911596370472883,"test/acc":0.5418414918414918,"test/roc_auc":0.6491841491841492,"_runtime":226,"_timestamp":1.7581314265157092e+09,"lr":1e-06,"test/pr_auc":0.6585488210776307,"epoch":20,"train/loss":4.1124036215478554e-05}