{"lr":1e-06,"epoch":20,"_wandb":{"runtime":173},"val/acc":1,"val/roc_auc":1,"_runtime":173.314821071,"test/acc":0.8389830508474576,"test/roc_auc":0.8405441570026762,"val/pr_auc":1,"_timestamp":1.7579411192571528e+09,"test/pr_auc":0.8685447537951698,"_step":20,"train/loss":0.004087915178388357,"time_min":0.07451525290962309}