{"test/pr_auc":0.5291595853058566,"test/roc_auc":0.6504444444444444,"lr":1e-06,"_wandb":{"runtime":154},"test/acc":0.7466666666666667,"_runtime":154,"time_min":0.10710853456209103,"epoch":20,"_timestamp":1.7581832306594706e+09,"_step":20,"train/loss":0.14641574025154114}