{"_runtime":167,"lr":1e-06,"_step":20,"epoch":20,"test/pr_auc":0.3006323829350994,"test/roc_auc":0.2604761904761905,"_wandb":{"runtime":167},"_timestamp":1.7582119806218662e+09,"train/loss":6.853020977359847e-07,"time_min":0.13219638616622736,"test/acc":0.3722619047619048}