{"lr":0.0002926829491861254,"time_min":0.14075139839357387,"_timestamp":1.7581248549618707e+09,"_wandb":{"runtime":28},"_runtime":28.642823559,"_step":2,"epoch":2,"train/loss":0.6829160451889038}