{"kappa":0.08499999999999996,"f1":0.2670452914764094,"_timestamp":1.756437272174804e+09,"_step":50,"acc":0.268,"_wandb":{"runtime":648},"_runtime":648}