{"f1":0.2666268449834556,"_timestamp":1.7564117762519057e+09,"_step":50,"_wandb":{"runtime":990},"_runtime":990,"acc":0.2746666666666667,"kappa":0.09333333333333338}