{"_step":20,"epoch":20,"lr":1e-06,"_timestamp":1.7582138408903918e+09,"train/loss":0.0007014265283942223,"_wandb":{"runtime":159},"_runtime":159,"test/roc_auc":0.5857142857142857,"test/pr_auc":0.4452319356385658,"test/acc":0.6533333333333333,"time_min":0.1147356630458186}