{"epoch":20,"time_min":0.12900568186305464,"train/loss":0.02512475848197937,"test/roc_auc":0.7159523809523809,"test/acc":0.6279761904761905,"lr":1e-06,"test/pr_auc":0.6804072742964358,"_timestamp":1.7582128685922964e+09,"_wandb":{"runtime":165},"_runtime":165,"_step":20}