{"test/roc_auc":0.621904761904762,"test/pr_auc":0.6564375809367313,"epoch":20,"train/loss":0.007572215050458908,"test/acc":0.6009523809523809,"_runtime":169,"_timestamp":1.758214187510044e+09,"_wandb":{"runtime":169},"lr":1e-06,"time_min":0.13169928573382397,"_step":20}