{"epoch":16,"val/roc_auc":1,"_timestamp":1.7580820870977218e+09,"_wandb":{"runtime":253},"_runtime":253.792089696,"lr":2.9551959340945417e-05,"time_min":0.24416175306153795,"val/pr_auc":1,"val/acc":1,"train/loss":0.00015254627214744687,"_step":16}