{"_wandb":{"runtime":709},"_runtime":709,"acc":0.45199999999999996,"kappa":0.31499999999999995,"f1":0.4521247307533675,"_timestamp":1.7564453242851493e+09,"_step":50}