{"acc":0.37466666666666665,"kappa":0.21833333333333338,"f1":0.3746284623693306,"_timestamp":1.7564967443317044e+09,"_step":50,"_wandb":{"runtime":841},"_runtime":841}