{"train/loss":0.00017548049800097942,"test/roc_auc":0.2216770740410348,"time_min":0.18538193798158317,"_step":20,"epoch":20,"_timestamp":1.7581272655431535e+09,"test/acc":0.3416592328278323,"test/pr_auc":0.2966226868412714,"_wandb":{"runtime":239},"_runtime":239,"lr":1e-06}