{"_step":50,"_wandb":{"runtime":653},"_runtime":653,"acc":0.352,"kappa":0.18999999999999995,"f1":0.350542225498941,"_timestamp":1.7564640242656083e+09}