{"val/acc":0.8700440528634361,"test/acc":1,"test/pr_auc":1.0000000000000002,"test/roc_auc":1,"_runtime":323,"val/pr_auc":0.9876695112689975,"lr":1e-06,"epoch":20,"train/loss":0.02359004132449627,"time_min":0.25588628425418086,"_timestamp":1.758099331427709e+09,"_step":20,"_wandb":{"runtime":323},"val/roc_auc":0.9870159981451426}