{"time_min":0.06092683428432792,"_timestamp":1.7581812074433262e+09,"_step":24,"epoch":24,"_wandb":{"runtime":102},"_runtime":102.37560087,"train/loss":0.02417968586087227,"lr":5.3608130716701e-05}