{"test/acc":0.5598387096774193,"test/pr_auc":0.5453581366563802,"_wandb":{"runtime":363},"epoch":50,"train/loss":2.788992560454062e-06,"_step":50,"time_min":0.1135506236149619,"_timestamp":1.7581787791481278e+09,"_runtime":363,"lr":1e-06,"test/roc_auc":0.5628629032258065}