{"test/pr_auc":0.630237265060983,"epoch":50,"lr":1e-06,"_runtime":544,"test/acc":0.6034278959810875,"test/roc_auc":0.6151637960148599,"_wandb":{"runtime":544},"time_min":0.11510915811328838,"_timestamp":1.7581183860978074e+09,"_step":50,"train/loss":9.0353080395289e-07}