{"time_min":0.14575826733683547,"test/roc_auc":0.6898245614035087,"lr":1e-06,"test/acc":0.7301754385964911,"train/loss":0.024116504937410355,"_wandb":{"runtime":243},"epoch":20,"_timestamp":1.7581239010138228e+09,"_step":20,"test/pr_auc":0.5337497110605738,"_runtime":243}