{"kappa":0.30333333333333334,"f1":0.4418833328601503,"_timestamp":1.7564732065682747e+09,"_wandb":{"runtime":652},"_runtime":652,"_step":50,"acc":0.44266666666666676}