{"_runtime":74,"epoch":20,"test/pr_auc":0.6409438751093492,"test/acc":0.5664724338861497,"_timestamp":1.7582106300998192e+09,"_step":20,"time_min":0.06409061471931636,"test/roc_auc":0.743971313312416,"_wandb":{"runtime":74},"train/loss":2.1061550796730444e-06,"lr":1e-06}