{"_wandb":{"runtime":998},"_runtime":998,"_timestamp":1.7564037728572724e+09,"_step":50,"acc":0.27999999999999997,"kappa":0.09999999999999998,"f1":0.27274288884378706}