{"_runtime":127,"time_min":0.0892622903144608,"_wandb":{"runtime":127},"test/pr_auc":0.6871737055428944,"_step":20,"_timestamp":1.7581633332711422e+09,"test/acc":0.5900134348410211,"test/roc_auc":0.6540528437080161,"lr":1e-06,"epoch":20,"train/loss":0.07221439480781555}