{"_timestamp":1.756488982643154e+09,"_step":50,"_wandb":{"runtime":658},"_runtime":658,"acc":0.37466666666666665,"kappa":0.21833333333333338,"f1":0.3741062420276816}