{"acc":0.4,"_wandb":{"runtime":654},"_runtime":654,"kappa":0.25,"f1":0.3995214889074538,"_timestamp":1.756483699827552e+09,"_step":50}