{"_timestamp":1.7581145561424952e+09,"time_min":0.21647608634860566,"train/loss":3.966832537116716e-06,"lr":1e-06,"val/pr_auc":1,"val/roc_auc":1,"_wandb":{"runtime":244},"val/acc":1,"test/acc":0.5183215130023641,"epoch":20,"_runtime":244,"_step":20,"test/pr_auc":0.5910290395174665,"test/roc_auc":0.5301418439716312}