{"lr":1e-06,"test/pr_auc":0.6126946162110801,"train/loss":0.0007566442945972085,"epoch":20,"time_min":0.05672157662920654,"test/acc":0.5738927738927739,"_step":20,"test/roc_auc":0.6438228438228438,"_timestamp":1.7581322971927528e+09,"_wandb":{"runtime":75},"_runtime":75}