{"val/roc_auc":0.4697231833910035,"_step":31,"_timestamp":1.7576856910918014e+09,"_runtime":150.208642484,"epoch":31,"train/loss":0.0014342900831252337,"lr":9.54653793736406e-05,"val/pr_auc":0.4576243525932851,"_wandb":{"runtime":150},"time_min":0.07374283528576295,"val/acc":0.4012605042016807}