{"train/loss":0.013841292820870876,"test/pr_auc":0.4458602586883129,"_step":20,"val/acc":1,"val/pr_auc":1,"time_min":0.25995848622017853,"lr":1e-06,"epoch":20,"test/roc_auc":0.3666666666666667,"test/acc":0.41363636363636364,"_runtime":330,"_timestamp":1.7580979740564458e+09,"_wandb":{"runtime":330},"val/roc_auc":1}