{"acc":0.42666666666666664,"kappa":0.2833333333333333,"f1":0.4264794130662108,"_wandb":{"runtime":650},"_runtime":650,"_timestamp":1.756424824217548e+09,"_step":50}