{"val/roc_auc":0.9282546779428011,"val/acc":0.8560716155745693,"train/loss":0.5665149092674255,"time_min":0.2973415560554713,"_step":1,"_timestamp":1.7578295900611742e+09,"_wandb":{"runtime":22},"_runtime":22.210331627,"lr":0.0002981594069189729,"epoch":1,"val/pr_auc":0.9198680562386405}