{"train/loss":0.16488602757453918,"lr":1e-06,"_timestamp":1.758183220145446e+09,"test/pr_auc":0.705878489632797,"test/roc_auc":0.7482222222222222,"time_min":0.12219699166404704,"test/acc":0.7466666666666667,"_wandb":{"runtime":149},"epoch":20,"_runtime":149,"_step":20}