{"f1":0.4673180025390556,"_timestamp":1.756478427436446e+09,"_step":50,"_wandb":{"runtime":645},"_runtime":645,"acc":0.4666666666666666,"kappa":0.33333333333333337}