{"_wandb":{"runtime":771},"_runtime":771,"acc":0.3946666666666666,"kappa":0.2433333333333333,"f1":0.3949661724019643,"_timestamp":1.756452336402992e+09,"_step":50}