{"_timestamp":1.75643662052688e+09,"_step":50,"_wandb":{"runtime":649},"_runtime":649,"acc":0.27866666666666673,"kappa":0.09833333333333338,"f1":0.2771954840580505}