{"_runtime":241,"test/roc_auc":0.8629239766081871,"_step":20,"train/loss":0.01166566088795662,"test/pr_auc":0.8662644705864837,"_wandb":{"runtime":241},"lr":1e-06,"epoch":20,"time_min":0.1829399947853138,"_timestamp":1.7581304198162553e+09,"test/acc":0.6666666666666666}