{"_wandb":{"runtime":657},"_runtime":657,"_step":50,"acc":0.3933333333333333,"kappa":0.2416666666666667,"f1":0.38964729593483516,"_timestamp":1.7564883216177068e+09}