{"_runtime":222,"test/pr_auc":0.8854666698038772,"val/roc_auc":0.9979871553884712,"test/roc_auc":0.911345029239766,"val/pr_auc":0.9974037723547402,"lr":1e-06,"_timestamp":1.758109955396021e+09,"test/acc":0.7487719298245614,"time_min":0.1779288294026628,"_step":20,"train/loss":0.00043130054837092757,"val/acc":0.9962406015037594,"epoch":20,"_wandb":{"runtime":222}}