{"val/roc_auc":1,"test/roc_auc":0.3582750582750583,"time_min":0.25094982088388257,"epoch":50,"lr":1e-06,"test/acc":0.42645687645687647,"_timestamp":1.7580907772756233e+09,"test/pr_auc":0.38679500524188676,"_step":50,"val/acc":1,"_wandb":{"runtime":772},"val/pr_auc":1,"_runtime":772,"train/loss":1.4463968909694813e-05}