{"test/acc":0.5,"test/pr_auc":1,"test/roc_auc":1,"_step":20,"_wandb":{"runtime":117},"epoch":20,"_runtime":117,"time_min":0.09076455902153005,"_timestamp":1.7581660232545507e+09,"train/loss":5.775153795184451e-07,"lr":1e-06}