{"_wandb":{"runtime":118},"_timestamp":1.7581668988567007e+09,"test/acc":0.8392857142857143,"_step":20,"train/loss":2.5350134819746017e-05,"time_min":0.08771709334881356,"test/roc_auc":0.7927123552123552,"_runtime":118,"epoch":20,"lr":1e-06,"test/pr_auc":0.8425119580758821}