{"kappa":0.09999999999999998,"f1":0.2754684650706535,"_timestamp":1.7564597657733023e+09,"_step":50,"_wandb":{"runtime":775},"_runtime":775,"acc":0.27999999999999997}