{"_wandb":{"runtime":97},"_timestamp":1.7576814143197157e+09,"_runtime":97.50480993,"_step":19,"val/pr_auc":0.7650659345522786,"val/acc":0.7058823529411764,"lr":6.872216535789164e-05,"time_min":0.07745077111370241,"train/loss":0.0006916671409271657,"epoch":19,"val/roc_auc":0.7837635054021608}