{"_step":20,"epoch":20,"test/pr_auc":0.9213855078384485,"test/acc":0.6864406779661016,"time_min":0.144150489087527,"lr":1e-06,"test/roc_auc":0.9235057983942908,"_wandb":{"runtime":160},"val/acc":0.9978070175438596,"_timestamp":1.7579954699400852e+09,"_runtime":160,"train/loss":0.019720641896128654,"val/pr_auc":1,"val/roc_auc":1}