{"lr":0.00026569172979498017,"val/pr_auc":0.7349489832092877,"_wandb":{"runtime":59},"_runtime":59.214111651,"_step":11,"val/roc_auc":0.7041345950144764,"val/acc":0.6323529411764706,"train/loss":0.00015308966976590455,"time_min":0.07430779903273409,"_timestamp":1.757686800198129e+09,"epoch":11}