{"lr":1e-06,"epoch":50,"test/roc_auc":0.46697580645161296,"_wandb":{"runtime":352},"_step":50,"_timestamp":1.7581787977155147e+09,"test/pr_auc":0.658564120124091,"train/loss":3.4880500606959686e-05,"time_min":0.05501124596533676,"test/acc":0.4482258064516129,"_runtime":352}