{"train/loss":2.0290703105274588e-05,"val/pr_auc":1,"test/acc":0.6642105263157895,"test/roc_auc":0.903625730994152,"_runtime":178,"time_min":0.1192807138664648,"lr":1e-06,"_step":20,"val/roc_auc":1,"_timestamp":1.7580307890025601e+09,"test/pr_auc":0.8389659310842635,"epoch":20,"val/acc":1,"_wandb":{"runtime":178}}