{"_runtime":211,"train/loss":2.0290703105274588e-05,"_step":20,"test/acc":0.6642105263157895,"val/roc_auc":1,"test/pr_auc":0.8389659310842635,"test/roc_auc":0.903625730994152,"_wandb":{"runtime":211},"lr":1e-06,"val/acc":1,"time_min":0.16461065715023626,"epoch":20,"val/pr_auc":1,"_timestamp":1.7578392998750815e+09}