{"epoch":1,"train/loss":0.6977120637893677,"_wandb":{"runtime":15},"_runtime":15.02546541,"lr":0.0004995076687428538,"time_min":0.1676643746206537,"_timestamp":1.7581803536491687e+09,"_step":1}