{"kappa":0.22666666666666668,"f1":0.37826997784413713,"_timestamp":1.7564424634045243e+09,"_step":50,"_wandb":{"runtime":646},"_runtime":646,"acc":0.38133333333333336}