{"kappa":0.09833333333333338,"f1":0.2730753468117692,"_timestamp":1.756465328082985e+09,"_step":50,"_wandb":{"runtime":648},"_runtime":648,"acc":0.2786666666666667}