{"_timestamp":1.758210397368131e+09,"epoch":20,"_step":20,"test/pr_auc":1,"train/loss":6.882332672830671e-05,"lr":1e-06,"test/acc":0.8636363636363636,"test/roc_auc":1,"time_min":0.055920650732393065,"_wandb":{"runtime":72},"_runtime":72}