{"time_min":0.1282718662172556,"_timestamp":1.758174982105958e+09,"_runtime":159,"test/roc_auc":0.7472776769509982,"_wandb":{"runtime":159},"lr":1e-06,"_step":20,"test/acc":0.5387931034482758,"test/pr_auc":0.7113644441132639,"epoch":20,"train/loss":5.248260094958823e-06}