{"train/loss":0.0002491555060259998,"val/pr_auc":0.9999999999999999,"test/roc_auc":0.40489510489510483,"_runtime":209,"val/acc":1,"_wandb":{"runtime":209},"lr":1e-06,"time_min":0.08325531518397232,"val/roc_auc":1,"test/acc":0.4072261072261072,"_timestamp":1.758088196563748e+09,"epoch":20,"_step":20,"test/pr_auc":0.5028696516089751}