{"time_min":0.24178626584665228,"_step":20,"_runtime":285,"epoch":20,"train/loss":0.007141586393117905,"_timestamp":1.7580891695999932e+09,"val/acc":1,"val/roc_auc":1,"test/acc":0.5,"lr":1e-06,"val/pr_auc":1,"test/roc_auc":0.41202051739518286,"test/pr_auc":0.3835551910335102,"_wandb":{"runtime":285}}