{"_runtime":144,"train/loss":1.3999679140397348e-05,"lr":1e-06,"time_min":0.08223961388381819,"val/acc":1,"val/pr_auc":1,"test/pr_auc":0.7011677896686709,"val/roc_auc":1,"epoch":20,"_step":20,"test/acc":0.5,"_timestamp":1.7580330921891084e+09,"test/roc_auc":0.7707602339181286,"_wandb":{"runtime":144}}