{"epoch":20,"val/roc_auc":1,"time_min":0.16815230169643958,"test/acc":0.41363636363636364,"_wandb":{"runtime":230},"val/pr_auc":1,"_timestamp":1.7579285753773422e+09,"train/loss":0.013841292820870876,"val/acc":1,"_runtime":230,"lr":1e-06,"_step":20,"test/pr_auc":0.4458602586883129,"test/roc_auc":0.3666666666666667}