{"_step":26,"val/acc":0.6008403361344538,"val/pr_auc":0.7099900669102859,"_wandb":{"runtime":130},"val/roc_auc":0.6905762304921969,"_timestamp":1.7576879940284867e+09,"lr":0.00014111281733036792,"epoch":26,"time_min":0.07492557169947152,"train/loss":4.574814738589339e-06,"_runtime":130.208678293}