{"_step":20,"val/roc_auc":1,"lr":1e-06,"time_min":0.08279525451362132,"test/roc_auc":0.8053613053613053,"_wandb":{"runtime":149},"_runtime":149,"val/acc":1,"_timestamp":1.758032560478275e+09,"test/acc":0.7254079254079254,"train/loss":1.3615806892630644e-05,"val/pr_auc":1,"epoch":20,"test/pr_auc":0.7183899013229289}