{"test/pr_auc":0.6407072393791005,"_runtime":194,"train/loss":9.344762656837702e-05,"_step":20,"val/acc":1,"test/roc_auc":0.5597771023302938,"val/roc_auc":1,"val/pr_auc":1.0000000000000002,"_timestamp":1.7581124436875315e+09,"lr":1e-06,"test/acc":0.5063323201621074,"_wandb":{"runtime":194},"epoch":20,"time_min":0.15384032082123061}