{"lr":1e-06,"test/roc_auc":0.5026173590003378,"test/acc":0.38213441404930765,"_wandb":{"runtime":198},"epoch":20,"train/loss":0.00022210668248590082,"_timestamp":1.758130914266374e+09,"_step":20,"time_min":0.11018023965104172,"test/pr_auc":0.5073756530975142,"_runtime":198}