{"kappa":0.3383333333333334,"f1":0.4708945789310939,"_wandb":{"runtime":658},"_runtime":658,"_timestamp":1.7564896444927833e+09,"_step":50,"acc":0.4706666666666666}