{"test/pr_auc":1.0000000000000002,"_timestamp":1.7582121477271323e+09,"_wandb":{"runtime":164},"epoch":20,"test/acc":0.8656716417910448,"_runtime":164,"_step":20,"train/loss":3.8176589441718534e-05,"test/roc_auc":1,"lr":1e-06,"time_min":0.13018293630642194}