{"_runtime":72,"lr":1e-06,"epoch":20,"_wandb":{"runtime":72},"train/loss":0.005636144895106554,"test/pr_auc":0.7744440317647967,"time_min":0.05439967136674871,"_step":20,"test/roc_auc":0.792,"_timestamp":1.758208363031604e+09,"test/acc":0.7466666666666667}