{"val/acc":1,"lr":1e-06,"epoch":20,"val/pr_auc":1,"_step":20,"test/acc":0.36876456876456876,"_wandb":{"runtime":322},"test/roc_auc":0.37797202797202795,"_timestamp":1.7581029151610565e+09,"_runtime":322,"time_min":0.2378976190307488,"val/roc_auc":1,"test/pr_auc":0.4818069201716289,"train/loss":0.0068884980864822865}