{"_runtime":216,"train/loss":1.3615806892630644e-05,"val/pr_auc":1,"_wandb":{"runtime":216},"_timestamp":1.7578374366552794e+09,"_step":20,"val/acc":1,"lr":1e-06,"val/roc_auc":1,"time_min":0.16864982168966283,"test/pr_auc":0.7183899013229289,"test/roc_auc":0.8053613053613053,"test/acc":0.7254079254079254,"epoch":20}