{"epoch":20,"_timestamp":1.758171963305699e+09,"time_min":0.0848608523995305,"test/pr_auc":0.9316283777490948,"test/roc_auc":0.9367940398942562,"test/acc":0.6666666666666666,"_wandb":{"runtime":115},"train/loss":6.764892896171659e-05,"_runtime":115,"_step":20,"lr":1e-06}