{"time_min":0.07784307037945837,"lr":1e-06,"_wandb":{"runtime":99},"_runtime":99,"test/pr_auc":0.5863654872836419,"train/loss":0.03241461142897606,"_timestamp":1.7581720652072594e+09,"_step":20,"epoch":20,"test/acc":0.5233870967741936,"test/roc_auc":0.4887096774193548}