{"val/acc":0.6533613445378151,"test/pr_auc":0.43873170312987364,"_wandb":{"runtime":249},"val/pr_auc":0.7842484821787821,"val/roc_auc":0.7993256125979804,"lr":1e-06,"_step":50,"train/loss":1.9489216356305405e-06,"time_min":0.0791088427300565,"epoch":50,"test/roc_auc":0.49930266094059195,"test/acc":0.4936792135067997,"_runtime":249,"_timestamp":1.757685996537856e+09}