{"kappa":0.10999999999999999,"f1":0.2881367303721821,"_wandb":{"runtime":994},"_runtime":994,"_timestamp":1.7564047702583575e+09,"_step":50,"acc":0.288}