{"_runtime":232,"test/acc":0.29184149184149183,"_wandb":{"runtime":232},"_step":20,"train/loss":0.0007566442945972085,"_timestamp":1.7581299350897357e+09,"lr":1e-06,"time_min":0.19009444936333844,"test/pr_auc":0.46146521072367885,"epoch":20,"test/roc_auc":0.4312354312354312}