{"_runtime":165,"train/loss":5.119798152009025e-05,"test/roc_auc":1,"_step":20,"time_min":0.1325715153167645,"test/acc":0.7467532467532467,"_wandb":{"runtime":165},"test/pr_auc":1,"epoch":20,"_timestamp":1.7582120043584805e+09,"lr":1e-06}