{"_runtime":858,"_timestamp":1.756402770848995e+09,"_step":50,"acc":0.256,"kappa":0.06999999999999995,"f1":0.2540823005360069,"_wandb":{"runtime":858}}