{"_step":20,"lr":1e-06,"val/pr_auc":1,"val/roc_auc":1,"_timestamp":1.7578334593243709e+09,"epoch":20,"val/acc":1,"train/loss":0.00025878529413603246,"time_min":0.1803667031073322,"test/pr_auc":0.521698841084183,"_runtime":235,"test/acc":0.5616835510530525,"test/roc_auc":0.5211095223092024,"_wandb":{"runtime":235}}