{"lr":1e-06,"test/acc":0.5369458128078818,"_runtime":254,"_step":50,"val/pr_auc":0.8216728070828938,"epoch":50,"_wandb":{"runtime":254},"val/roc_auc":0.8108978885671916,"train/loss":4.331590844230959e-06,"test/roc_auc":0.5899304239821481,"test/pr_auc":0.6267333602416578,"_timestamp":1.7576882573975382e+09,"val/acc":0.73109243697479,"time_min":0.0815619021654129}