{"lr":1e-06,"test/acc":0.41363636363636364,"_wandb":{"runtime":241},"test/roc_auc":0.3666666666666667,"epoch":20,"val/acc":1,"_timestamp":1.7579409439715288e+09,"val/pr_auc":1,"time_min":0.07407321856201937,"test/pr_auc":0.4458602586883129,"train/loss":0.013841292820870876,"val/roc_auc":1,"_runtime":241.056573057,"_step":20}