{"train/loss":0.03547649830579758,"_wandb":{"runtime":325},"val/acc":0.9958333333333333,"test/pr_auc":0.537717380441264,"time_min":0.25552942402039963,"test/roc_auc":0.7476023391812865,"_runtime":325,"lr":1e-06,"epoch":20,"val/roc_auc":0.999827694235589,"test/acc":0.7154385964912281,"_step":20,"val/pr_auc":0.9998170318725099,"_timestamp":1.758096736947005e+09}