{"time_min":0.08389923414991547,"_wandb":{"runtime":119},"test/pr_auc":0.592624118932317,"_step":20,"test/roc_auc":0.6031061259706644,"lr":1e-06,"test/acc":0.6008412424503883,"_runtime":119,"train/loss":3.923517215298489e-05,"epoch":20,"_timestamp":1.7581651346565554e+09}