{"epoch":20,"train/loss":4.1124036215478554e-05,"time_min":0.1601393310818821,"_step":20,"test/acc":0.42645687645687647,"test/roc_auc":0.3761072261072261,"lr":1e-06,"test/pr_auc":0.48440171647990987,"_timestamp":1.7581231752440572e+09,"_runtime":242,"_wandb":{"runtime":242}}