{"_step":20,"time_min":0.1842117337277159,"test/roc_auc":0.904017521902378,"_timestamp":1.757833220991857e+09,"lr":1e-06,"epoch":20,"_runtime":234,"train/loss":8.056002843659371e-05,"test/pr_auc":0.8536848449730717,"val/pr_auc":1,"val/roc_auc":1,"val/acc":1,"test/acc":0.6774092615769712,"_wandb":{"runtime":234}}