{"_runtime":768,"_step":50,"acc":0.41466666666666674,"kappa":0.2683333333333333,"f1":0.4135003458095266,"_timestamp":1.7564546640703835e+09,"_wandb":{"runtime":768}}