{"f1":0.46025878748914145,"_timestamp":1.756453893308386e+09,"_wandb":{"runtime":773},"_runtime":773,"_step":50,"acc":0.45999999999999996,"kappa":0.32499999999999996}