{"f1":0.2794302400182446,"_wandb":{"runtime":771},"_runtime":771,"_timestamp":1.7564582098525088e+09,"_step":50,"acc":0.27999999999999997,"kappa":0.09999999999999998}