{"val/roc_auc":0.9751490488006617,"lr":0.000298159406918973,"time_min":0.29098832652283213,"epoch":1,"val/pr_auc":0.9715299419014218,"train/loss":0.477201908826828,"val/acc":0.8741803143093465,"_runtime":20.185613211,"_step":1,"_wandb":{"runtime":20},"_timestamp":1.7578323556289396e+09}