{"train/loss":0.0014443823602050543,"lr":0.00010430195934094538,"time_min":0.18503947724432995,"_timestamp":1.7581312205089612e+09,"_wandb":{"runtime":109},"_runtime":109.458698523,"_step":12,"epoch":12}