{"test/roc_auc":1,"_runtime":267,"train/loss":0.0006301395478658378,"time_min":0.20646580966810385,"test/acc":1,"val/pr_auc":0.9444471619857073,"_step":20,"_timestamp":1.7581058074865365e+09,"val/roc_auc":0.9190476190476191,"lr":1e-06,"test/pr_auc":1.0000000000000002,"_wandb":{"runtime":267},"val/acc":0.8642857142857143,"epoch":20}