{"test/roc_auc":0.7738011695906433,"train/loss":0.006882553920149803,"time_min":0.19147351175391425,"_timestamp":1.7581306685870764e+09,"epoch":20,"_wandb":{"runtime":246},"_step":20,"lr":1e-06,"_runtime":246,"test/acc":0.656140350877193,"test/pr_auc":0.7443703332840619}