{"_step":50,"acc":0.26000000000000006,"kappa":0.07499999999999996,"f1":0.2605069460364134,"_timestamp":1.7564666350204237e+09,"_wandb":{"runtime":653},"_runtime":653}