{"_timestamp":1.7581101773079216e+09,"val/roc_auc":1,"val/pr_auc":1,"train/loss":1.3189245692046825e-05,"val/acc":1,"test/roc_auc":0.6334008780817292,"test/acc":0.608662613981763,"_runtime":219,"_step":20,"time_min":0.22411156993669767,"_wandb":{"runtime":219},"test/pr_auc":0.5945042182248885,"epoch":20,"lr":1e-06}