{"time_min":0.1592135730665177,"test/pr_auc":0.7183899013229289,"lr":1e-06,"test/roc_auc":0.8053613053613053,"epoch":20,"val/roc_auc":1,"_wandb":{"runtime":180},"_step":20,"test/acc":0.7254079254079254,"val/acc":1,"val/pr_auc":1,"train/loss":1.3615806892630644e-05,"_timestamp":1.7580313913235853e+09,"_runtime":180}