{"epoch":20,"lr":1e-06,"test/roc_auc":0.24963144963144962,"_wandb":{"runtime":147},"_runtime":147,"time_min":0.12477667491572599,"_timestamp":1.7581733676053047e+09,"test/pr_auc":0.3010996022609087,"_step":20,"train/loss":1.8688746106221288e-09,"test/acc":0.5}