{"val/roc_auc":1,"_timestamp":1.758095414719651e+09,"_wandb":{"runtime":348},"train/loss":0.0005543135339394212,"epoch":21,"val/acc":1,"lr":0.00018767913813114598,"time_min":0.25083499018413324,"_runtime":348.302304076,"_step":21,"val/pr_auc":1}