{"_runtime":651,"acc":0.27066666666666667,"kappa":0.08833333333333337,"f1":0.2688901587754111,"_timestamp":1.7564267866995428e+09,"_step":50,"_wandb":{"runtime":651}}