{"f1":0.4464104852887869,"_timestamp":1.7564810632850933e+09,"_step":50,"_wandb":{"runtime":652},"_runtime":652,"acc":0.44666666666666666,"kappa":0.30833333333333335}