{"_timestamp":1.756498427915547e+09,"_step":50,"acc":0.43466666666666676,"_wandb":{"runtime":837},"_runtime":837,"kappa":0.29333333333333333,"f1":0.43281725938455506}