{"test/pr_auc":0.5350750830679039,"lr":1e-06,"test/roc_auc":0.5346166835528539,"_step":50,"_timestamp":1.758118376633738e+09,"test/acc":0.5502364066193853,"_wandb":{"runtime":546},"_runtime":546,"train/loss":2.634171551108011e-06,"time_min":0.17218706399823228,"epoch":50}