{"time_min":0.09246180934521059,"_timestamp":1.7581688684328098e+09,"_step":2,"epoch":2,"train/loss":0.6399806141853333,"_wandb":{"runtime":16},"_runtime":16.86911781,"lr":0.0002926829491861254}