{"time_min":0.10626296741732706,"train/loss":0.00021053000818938017,"lr":1e-06,"_timestamp":1.7581278406033013e+09,"test/acc":0.4882640999662276,"_runtime":141,"_step":20,"epoch":20,"test/pr_auc":0.5529078360721,"test/roc_auc":0.45056568726781493,"_wandb":{"runtime":141}}