{"test/acc":0.7567567567567568,"train/loss":0.017182549461722374,"_wandb":{"runtime":170},"_runtime":170,"_step":20,"time_min":0.13297819887908796,"test/pr_auc":0.4045236559794463,"test/roc_auc":0.5174743709226468,"lr":1e-06,"_timestamp":1.7581834039892325e+09,"epoch":20}