{"test/roc_auc":0.6292637622424857,"_runtime":251,"test/pr_auc":0.6047782292523142,"train/loss":4.93998732054024e-06,"val/roc_auc":0.571150097465887,"test/acc":0.5,"val/acc":0.41666666666666663,"val/pr_auc":0.6155730652526554,"_step":20,"time_min":0.18490829767348865,"_timestamp":1.7581049563235736e+09,"_wandb":{"runtime":251},"lr":1e-06,"epoch":20}