{"epoch":14,"train/loss":0.0012762558180838823,"lr":6.26261047822753e-05,"time_min":0.05389664816514899,"_timestamp":1.758210057139241e+09,"_step":14,"_wandb":{"runtime":54},"_runtime":54.274796945}