{"time_min":0.09369795774885764,"test/acc":0.5,"test/pr_auc":0.4203213183618334,"test/roc_auc":0.4743313201035375,"_timestamp":1.7581665386947556e+09,"train/loss":8.272789273178205e-06,"_wandb":{"runtime":120},"lr":1e-06,"_runtime":120,"_step":20,"epoch":20}