{"test/acc":0.6008412424503883,"_wandb":{"runtime":117},"_timestamp":1.7581641691443405e+09,"test/roc_auc":0.5073339085418463,"epoch":20,"lr":1e-06,"time_min":0.08907372588291765,"test/pr_auc":0.4275134110529067,"train/loss":0.1200343444943428,"_runtime":117,"_step":20}