{"test/pr_auc":0.696579597379941,"lr":1e-06,"_step":20,"train/loss":0.0003743739507626742,"test/roc_auc":0.7662337662337663,"test/acc":0.6636363636363636,"_timestamp":1.7582140159177945e+09,"epoch":20,"_wandb":{"runtime":172},"_runtime":172,"time_min":0.1317946978456651}