{"time_min":0.1122411158013468,"train/loss":4.251071175076504e-07,"val/pr_auc":1,"test/pr_auc":0.5567469558216015,"lr":1e-06,"_runtime":154,"_timestamp":1.757997616283328e+09,"val/roc_auc":1,"_wandb":{"runtime":154},"epoch":20,"test/roc_auc":0.5652651131374535,"test/acc":0.5156197230665316,"_step":20,"val/acc":1}