{"f1":0.23784304697343508,"_timestamp":1.7564006182390537e+09,"_step":50,"_wandb":{"runtime":656},"_runtime":656,"acc":0.264,"kappa":0.07999999999999996}