{"_wandb":{"runtime":171},"_runtime":171,"val/acc":1,"lr":1e-06,"_timestamp":1.7580348746493368e+09,"train/loss":6.757771188858896e-05,"test/acc":0.5,"val/pr_auc":1,"time_min":0.11274729428502421,"test/roc_auc":0.743391812865497,"epoch":20,"_step":20,"val/roc_auc":1,"test/pr_auc":0.5945783434992311}