{"_step":50,"_wandb":{"runtime":1001},"_runtime":1001,"acc":0.4866666666666667,"kappa":0.3583333333333333,"f1":0.48675022777622357,"_timestamp":1.7564057741561e+09}