{"test/acc":0.29184149184149183,"_step":20,"_timestamp":1.7581266002238953e+09,"_runtime":170,"lr":1e-06,"time_min":0.13399815141844254,"test/pr_auc":0.3322128855699735,"epoch":20,"train/loss":0.0005527412868104875,"_wandb":{"runtime":170},"test/roc_auc":0.30174825174825176}