{"_step":20,"test/acc":0.5535714285714286,"epoch":20,"lr":1e-06,"test/roc_auc":0.660952380952381,"_runtime":172,"train/loss":0.00011478706437628716,"test/pr_auc":0.6779312993760451,"time_min":0.132345083130834,"_wandb":{"runtime":172},"_timestamp":1.7582127447316308e+09}