{"_runtime":224,"epoch":20,"time_min":0.17726546689712752,"test/acc":0.7154385964912281,"_step":20,"test/pr_auc":0.7182837385125442,"test/roc_auc":0.7929824561403508,"_timestamp":1.7581122464847293e+09,"val/pr_auc":0.977768505254712,"val/acc":0.9624060150375939,"val/roc_auc":0.9902882205513784,"lr":1e-06,"train/loss":0.15826109051704407,"_wandb":{"runtime":224}}