{"_step":20,"test/pr_auc":0.562343324912539,"test/acc":0.6531468531468532,"train/loss":2.5586130504962057e-05,"val/roc_auc":1,"epoch":20,"val/pr_auc":1,"lr":1e-06,"val/acc":1,"time_min":0.15598126597857723,"test/roc_auc":0.6958041958041957,"_runtime":205,"_timestamp":1.7578366415112429e+09,"_wandb":{"runtime":205}}