{"_wandb":{"runtime":116},"_runtime":116.990287707,"lr":6.262610478227524e-05,"time_min":0.1209536524877573,"_timestamp":1.7581243807526958e+09,"_step":14,"epoch":14,"train/loss":0.01250282023102045}