{"_runtime":78,"lr":1e-06,"test/pr_auc":1,"test/acc":0.7467532467532467,"_step":20,"train/loss":5.119798152009025e-05,"time_min":0.06232951246978094,"epoch":20,"_timestamp":1.7582108553446965e+09,"test/roc_auc":1,"_wandb":{"runtime":78}}