{"_wandb":{"runtime":1001},"_runtime":1001,"acc":0.2733333333333333,"kappa":0.09166666666666667,"f1":0.2718668526836924,"_timestamp":1.7564087796007464e+09,"_step":50}