{"_step":20,"time_min":0.11600103795062751,"test/pr_auc":0.37821767613403345,"test/roc_auc":0.47578947368421043,"_runtime":163,"test/acc":0.40280701754385967,"_timestamp":1.7581287323346167e+09,"_wandb":{"runtime":163},"epoch":20,"lr":1e-06,"train/loss":0.000133081033709459}