{"val/roc_auc":1,"_step":20,"test/pr_auc":0.4458602586883129,"val/acc":1,"time_min":0.1458985048889493,"_wandb":{"runtime":177},"_timestamp":1.7579979342592523e+09,"test/roc_auc":0.3666666666666667,"test/acc":0.41363636363636364,"lr":1e-06,"val/pr_auc":1,"train/loss":0.013841292820870876,"epoch":20,"_runtime":177}