{"epoch":50,"_timestamp":1.7576820404443557e+09,"val/roc_auc":0.6647570793023092,"test/pr_auc":0.7343186411352542,"train/loss":8.892077858035918e-06,"_wandb":{"runtime":251},"_runtime":251,"_step":50,"time_min":0.07898680176585912,"val/acc":0.5903361344537815,"test/roc_auc":0.7297482211275316,"val/pr_auc":0.655368361104091,"test/acc":0.6058113342596101,"lr":1e-06}