{"_wandb":{"runtime":115},"_runtime":115,"time_min":0.08781374390237033,"_timestamp":1.7581723127647831e+09,"lr":1e-06,"epoch":20,"_step":20,"train/loss":0.0011263065971434116,"test/acc":0.4203931203931204,"test/roc_auc":0.5643734643734644,"test/pr_auc":0.5117741467285546}