{"_wandb":{"runtime":773},"_runtime":773,"acc":0.2,"kappa":0,"f1":0.06666666666666667,"_timestamp":1.7564492243337278e+09,"_step":49}