{"_runtime":651,"_timestamp":1.756430054466584e+09,"_step":50,"acc":0.37333333333333335,"kappa":0.21666666666666667,"f1":0.3727435240095848,"_wandb":{"runtime":651}}