{"kappa":0.2683333333333333,"f1":0.4144686554618542,"_timestamp":1.7564340053867838e+09,"_step":50,"_wandb":{"runtime":652},"_runtime":652,"acc":0.41466666666666663}