{"test/pr_auc":0.34688238447692865,"_timestamp":1.758183578943051e+09,"test/roc_auc":0.4070037105751392,"test/acc":0.4099025974025974,"lr":1e-06,"time_min":0.12470190713647752,"epoch":20,"_runtime":171,"train/loss":0.03900822997093201,"_wandb":{"runtime":171},"_step":20}