{"_wandb":{"runtime":117},"test/roc_auc":1,"test/acc":0.5,"epoch":20,"test/pr_auc":1,"_timestamp":1.758166658356849e+09,"_step":20,"time_min":0.09078859818012765,"train/loss":4.637243819161085e-06,"_runtime":117,"lr":1e-06}