{"_step":1,"epoch":1,"train/loss":0.7018938064575195,"lr":0.0002997049959000265,"time_min":0.193470932279403,"_timestamp":1.758115198639915e+09,"_wandb":{"runtime":12},"_runtime":12.379000621}