{"_wandb":{"runtime":980},"_runtime":980,"_step":50,"acc":0.27599999999999997,"kappa":0.09499999999999997,"f1":0.26731476512258445,"_timestamp":1.7563931846005561e+09}