{"_runtime":18.623867268,"train/loss":0.6973758339881897,"lr":0.000298159406918973,"val/pr_auc":0.5362311222790868,"val/roc_auc":0.6070848928488622,"_step":1,"epoch":1,"time_min":0.2550560281223928,"val/acc":0.5,"_timestamp":1.75809831914037e+09,"_wandb":{"runtime":18}}