{"test/pr_auc":0.7980524387182222,"lr":1e-06,"test/roc_auc":0.8582456140350877,"_timestamp":1.7580996653421404e+09,"val/acc":0.9962406015037594,"_runtime":331,"train/loss":0.019048523157835007,"val/roc_auc":0.999984335839599,"_step":20,"val/pr_auc":0.9999826749077915,"test/acc":0.8119298245614035,"time_min":0.26115608503265925,"_wandb":{"runtime":331},"epoch":20}