{"train/loss":0.0068884980864822865,"_timestamp":1.7581579002131793e+09,"lr":1e-06,"test/roc_auc":0.37797202797202795,"_wandb":{"runtime":120},"_runtime":120,"test/pr_auc":0.4818069201716289,"_step":20,"test/acc":0.36876456876456876,"time_min":0.08366312833192448,"epoch":20}