{"test/acc":0.5023640661938534,"_step":20,"epoch":20,"lr":1e-06,"test/pr_auc":0.695829393228369,"_runtime":209,"time_min":0.16580524663440882,"test/roc_auc":0.6182877406281662,"_wandb":{"runtime":209},"train/loss":1.951509830178111e-06,"_timestamp":1.7581241063943613e+09}