{"test/acc":0.506578947368421,"_wandb":{"runtime":51},"epoch":20,"test/pr_auc":0.2786475093982531,"test/roc_auc":0.17243767313019392,"lr":1e-06,"time_min":0.03649744077119976,"_step":20,"_runtime":51,"_timestamp":1.7582071365910325e+09,"train/loss":0.14528267085552216}