{"epoch":20,"_timestamp":1.758164634424578e+09,"lr":1e-06,"test/pr_auc":0.6982845466062787,"_wandb":{"runtime":103},"_step":20,"time_min":0.07690293304622173,"test/acc":0.7077307162534435,"_runtime":103,"train/loss":0.004124021623283625,"test/roc_auc":0.7259814049586777}