{"_runtime":648,"kappa":0.08333333333333337,"f1":0.2660011711268719,"_timestamp":1.7564235171213648e+09,"_step":50,"acc":0.26666666666666666,"_wandb":{"runtime":648}}