{"_step":50,"acc":0.25866666666666666,"kappa":0.07333333333333336,"f1":0.2574757384972063,"_timestamp":1.7564320437504807e+09,"_wandb":{"runtime":614},"_runtime":614}