{"lr":1e-06,"_runtime":124,"test/roc_auc":0.23823763955342903,"test/acc":0.2689393939393939,"_step":20,"test/pr_auc":0.33205180096803977,"_wandb":{"runtime":124},"train/loss":0.01934927888214588,"time_min":0.0863088977135097,"_timestamp":1.7581621222905626e+09,"epoch":20}