{"_timestamp":1.7581816107973154e+09,"test/roc_auc":0.5063882063882064,"_wandb":{"runtime":38},"time_min":0.01922257513894389,"_step":20,"epoch":20,"train/loss":0.5440222024917603,"_runtime":38,"test/pr_auc":0.4453745430958278,"lr":1e-06,"test/acc":0.5}