{"acc":0.20933333333333332,"kappa":0.011666666666666714,"f1":0.1333722047779484,"_timestamp":1.7564646771173334e+09,"_wandb":{"runtime":649},"_runtime":649,"_step":50}