{"time_min":0.12718215180405726,"_runtime":174,"epoch":20,"_timestamp":1.758183755997391e+09,"_wandb":{"runtime":174},"_step":20,"test/acc":0.48245614035087714,"train/loss":0.0011906317668035626,"lr":1e-06,"test/roc_auc":0.37442289935364725,"test/pr_auc":0.33858681649740935}