{"time_min":0.05489161024646213,"test/acc":0.7036904761904762,"lr":1e-06,"_timestamp":1.7582103227662382e+09,"test/roc_auc":0.8849999999999999,"test/pr_auc":0.8523570832278786,"epoch":20,"train/loss":7.93813742347993e-05,"_step":20,"_wandb":{"runtime":72},"_runtime":72}