{"lr":1e-06,"_step":20,"_runtime":166,"test/acc":0.8733333333333333,"time_min":0.12993478090502322,"_wandb":{"runtime":166},"test/roc_auc":0.914047619047619,"train/loss":3.713803380378522e-05,"_timestamp":1.75821183631798e+09,"epoch":20,"test/pr_auc":0.8978271540243239}