{"epoch":3,"_step":3,"_wandb":{"runtime":16},"val/roc_auc":0.9735187024164185,"val/acc":0.9006620324395895,"train/loss":0.30043479800224304,"_runtime":16.893763145,"lr":0.0002837054753661611,"time_min":0.08172627804645648,"_timestamp":1.758032579601473e+09,"val/pr_auc":0.9699306116115374}