{"train/loss":2.0635413875425e-06,"_wandb":{"runtime":417},"time_min":0.1322259517153725,"_step":50,"epoch":50,"test/acc":0.3783783783783784,"test/pr_auc":0.4028672882974065,"_runtime":417,"lr":1e-06,"test/roc_auc":0.5275184275184275,"_timestamp":1.758176553169777e+09}