{"time_min":0.16097030797973275,"_step":20,"epoch":20,"_runtime":296,"val/acc":0.9958333333333333,"test/acc":0.7154385964912281,"train/loss":0.03547649830579758,"_timestamp":1.7581143090497513e+09,"val/pr_auc":0.9998170318725099,"test/roc_auc":0.7476023391812865,"test/pr_auc":0.537717380441264,"_wandb":{"runtime":296},"lr":1e-06,"val/roc_auc":0.999827694235589}