{"acc":0.31333333333333335,"_wandb":{"runtime":656},"_runtime":656,"kappa":0.14166666666666672,"f1":0.31320372529887786,"_timestamp":1.756480396270395e+09,"_step":50}