{"lr":1e-06,"train/loss":0.007461366709321737,"_step":20,"epoch":20,"test/pr_auc":0.5332650419412014,"_timestamp":1.758213080810997e+09,"test/acc":0.5035714285714286,"test/roc_auc":0.6070238095238095,"_runtime":165,"_wandb":{"runtime":165},"time_min":0.13294950344910225}