{"f1":0.27176554547161574,"_timestamp":1.756435968711664e+09,"_step":50,"acc":0.284,"_wandb":{"runtime":650},"_runtime":650,"kappa":0.10499999999999998}