{"test/roc_auc":0.1719759926131117,"test/acc":0.11842105263157894,"_wandb":{"runtime":170},"_runtime":170,"epoch":20,"lr":1e-06,"_timestamp":1.7581837380236874e+09,"train/loss":0.00019987626001238823,"_step":20,"test/pr_auc":0.28472159803877173,"time_min":0.13515476970157275}