{"_runtime":118.216920022,"time_min":0.19572527372899154,"_step":9,"_wandb":{"runtime":118},"epoch":9,"_timestamp":1.7578210187619863e+09,"val/pr_auc":0.9999993063271462,"val/roc_auc":0.9999993677636598,"val/acc":0.999597423510467,"train/loss":0.00823708064854145,"lr":0.0001738869525235141}