{"_wandb":{"runtime":50},"_step":20,"_runtime":50,"test/pr_auc":0.24856506433461106,"train/loss":0.1460159868001938,"test/roc_auc":0.0034786641929499085,"_timestamp":1.7582070645806806e+09,"lr":1e-06,"epoch":20,"time_min":0.03540304189858337,"test/acc":0.4675324675324675}