{"test/acc":0.5556134478548271,"time_min":0.07901678696895639,"lr":1e-06,"test/pr_auc":0.6748159996542176,"_runtime":249,"train/loss":3.4891518225776963e-06,"_step":50,"epoch":50,"_timestamp":1.7576870752175596e+09,"test/roc_auc":0.6726848343227654,"_wandb":{"runtime":249},"val/pr_auc":0.7407736934252421,"val/roc_auc":0.7538309441423628,"val/acc":0.6302521008403361}