{"time_min":0.1672633304648722,"_timestamp":1.7579296422245517e+09,"test/pr_auc":0.7980524387182222,"_runtime":240,"_wandb":{"runtime":240},"test/roc_auc":0.8582456140350877,"epoch":20,"val/roc_auc":0.999984335839599,"lr":1e-06,"test/acc":0.8119298245614035,"val/acc":0.9962406015037594,"val/pr_auc":0.9999826749077915,"_step":20,"train/loss":0.019048523157835007}