{"f1":0.25124631398315606,"_timestamp":1.7564097837393882e+09,"_step":50,"_wandb":{"runtime":1001},"_runtime":1001,"acc":0.2533333333333333,"kappa":0.06666666666666665}