{"lr":0.00029815940691897306,"time_min":0.18847446402069182,"_timestamp":1.7581319374992926e+09,"_wandb":{"runtime":14},"_runtime":14.872940784,"_step":1,"epoch":1,"train/loss":0.6990447044372559}