{"val/roc_auc":0.5845897182402372,"_wandb":{"runtime":171},"epoch":34,"_timestamp":1.757682882692016e+09,"_runtime":171.210398776,"val/acc":0.6008403361344538,"time_min":0.07390632033348084,"_step":34,"train/loss":5.044362478656694e-05,"val/pr_auc":0.6176060662402623,"lr":2.397657364853967e-05}