{"_runtime":163,"lr":1e-06,"_wandb":{"runtime":163},"test/pr_auc":0.5421855690727202,"test/acc":0.75,"_timestamp":1.7581749904993114e+09,"train/loss":1.3585749911726452e-06,"epoch":20,"test/roc_auc":0.7518148820326678,"time_min":0.09269665821144978,"_step":20}