{"f1":0.3161664164983137,"_timestamp":1.7559596562395387e+09,"_runtime":1572.713712085,"_step":49,"acc":0.316,"_wandb":{"runtime":1572},"kappa":0.14500000000000002}