{"_wandb":{"runtime":650},"_runtime":650,"_step":49,"acc":0.2,"kappa":0,"f1":0.06666666666666667,"_timestamp":1.7564385774197562e+09}