{"test/pr_auc":0.7980524387182222,"train/loss":0.019048523157835007,"_runtime":109.655041372,"_wandb":{"runtime":110},"val/pr_auc":0.9999826749077915,"_step":20,"time_min":0.08175207501432548,"test/roc_auc":0.8582456140350877,"val/roc_auc":0.999984335839599,"test/acc":0.8119298245614035,"_timestamp":1.7579413648687787e+09,"epoch":20,"val/acc":0.9962406015037594,"lr":1e-06}