{"_timestamp":1.7559578364505093e+09,"_runtime":278.236591753,"_step":9,"acc":0.268,"_wandb":{"runtime":278},"kappa":0.08499999999999996,"f1":0.26805183270875843}