{"f1":0.06538895152198422,"_timestamp":1.7564830423238182e+09,"_step":50,"_wandb":{"runtime":656},"_runtime":656,"acc":0.19333333333333333,"kappa":-0.008333333333333304}