{"time_min":0.18870225181647887,"_timestamp":1.758119861452082e+09,"_step":14,"epoch":14,"train/loss":0.02719849906861782,"_wandb":{"runtime":176},"_runtime":176.654413719,"lr":0.0004095372854422981}