{"_runtime":165,"time_min":0.06272988071820389,"lr":1e-06,"epoch":20,"test/roc_auc":0.49052037111738606,"_timestamp":1.758214359144698e+09,"_step":20,"train/loss":0.003125666407868266,"test/pr_auc":0.43667311279553267,"test/acc":0.4171036708350141,"_wandb":{"runtime":165}}