{"_runtime":162,"_step":20,"time_min":0.1272412377797688,"test/roc_auc":0.5064327485380117,"train/loss":0.0002898043021559715,"test/acc":0.4487719298245614,"epoch":20,"test/pr_auc":0.39040418030293705,"_wandb":{"runtime":162},"lr":1e-06,"_timestamp":1.7581276968392932e+09}